
================================================================================
Extension 2: Retriever Surgery - Retriever Sweep
================================================================================
Model: mistralai/Mixtral-8x7B-Instruct-v0.1
API: together
Prompts: prompts/copy_50.json (first 50)
Output: extensions/2_retriever_surgery/results/mixtral8x7b
================================================================================

Created prompts subset: 50 prompts -> extensions/2_retriever_surgery/results/mixtral8x7b/prompts_50.json
Running 27 retriever configurations:

  1. chunk_size=64, top_k=2, retriever=bm25
  2. chunk_size=64, top_k=2, retriever=dense
  3. chunk_size=64, top_k=2, retriever=hybrid
  4. chunk_size=64, top_k=4, retriever=bm25
  5. chunk_size=64, top_k=4, retriever=dense
  6. chunk_size=64, top_k=4, retriever=hybrid
  7. chunk_size=64, top_k=8, retriever=bm25
  8. chunk_size=64, top_k=8, retriever=dense
  9. chunk_size=64, top_k=8, retriever=hybrid
  10. chunk_size=128, top_k=2, retriever=bm25
  11. chunk_size=128, top_k=2, retriever=dense
  12. chunk_size=128, top_k=2, retriever=hybrid
  13. chunk_size=128, top_k=4, retriever=bm25
  14. chunk_size=128, top_k=4, retriever=dense
  15. chunk_size=128, top_k=4, retriever=hybrid
  16. chunk_size=128, top_k=8, retriever=bm25
  17. chunk_size=128, top_k=8, retriever=dense
  18. chunk_size=128, top_k=8, retriever=hybrid
  19. chunk_size=256, top_k=2, retriever=bm25
  20. chunk_size=256, top_k=2, retriever=dense
  21. chunk_size=256, top_k=2, retriever=hybrid
  22. chunk_size=256, top_k=4, retriever=bm25
  23. chunk_size=256, top_k=4, retriever=dense
  24. chunk_size=256, top_k=4, retriever=hybrid
  25. chunk_size=256, top_k=8, retriever=bm25
  26. chunk_size=256, top_k=8, retriever=dense
  27. chunk_size=256, top_k=8, retriever=hybrid


================================================================================
Running config: chunk64_k2_bm25
  Chunk size: 64
  Top-k: 2
  Retriever: bm25
================================================================================

Command: python main.py --task io --api together --hf_ckpt mistralai/Mixtral-8x7B-Instruct-v0.1 --is_chat_model true --io_input_path extensions/2_retriever_surgery/results/mixtral8x7b/prompts_50.json --io_output_root extensions/2_retriever_surgery/results/mixtral8x7b/outputs/chunk64_k2_bm25 --raw_data_dir raw_data/private/wiki_newest --datastore_root datastore --output_dir extensions/2_retriever_surgery/results/mixtral8x7b/outputs/chunk64_k2_bm25 --max_retrieval_seq_length 64 --k_for_ric 2 --index_name bm25 --together_ckpt mistralai/Mixtral-8x7B-Instruct-v0.1

==> Datastore exists at:  datastore/RIC_LM+wiki_newest+Mixtral-8x7B-Instruct-v0.1+64+128
Processing query 0...
✓ Completed query 0
Processing query 1...
✓ Completed query 1
Processing query 2...
✓ Completed query 2
Processing query 3...
✓ Completed query 3
Processing query 4...
✓ Completed query 4
Processing query 5...
✓ Completed query 5
Processing query 6...
✓ Completed query 6
Processing query 7...
✓ Completed query 7
Processing query 8...
✓ Completed query 8
Processing query 9...
✓ Completed query 9
Processing query 10...
✓ Completed query 10
Processing query 11...
✓ Completed query 11
Processing query 12...
✓ Completed query 12
Processing query 13...
✓ Completed query 13
Processing query 14...
✓ Completed query 14
Processing query 15...
✓ Completed query 15
Processing query 16...
✓ Completed query 16
Processing query 17...
✓ Completed query 17
Processing query 18...
✓ Completed query 18
Processing query 19...
✓ Completed query 19
Processing query 20...
✓ Completed query 20
Processing query 21...
✓ Completed query 21
Processing query 22...
✓ Completed query 22
Processing query 23...
✓ Completed query 23
Processing query 24...
✓ Completed query 24
Processing query 25...
✓ Completed query 25
Processing query 26...
✓ Completed query 26
Processing query 27...
✓ Completed query 27
Processing query 28...
✓ Completed query 28
Processing query 29...
✓ Completed query 29
Processing query 30...
✓ Completed query 30
Processing query 31...
✓ Completed query 31
Processing query 32...
✓ Completed query 32
Processing query 33...
✓ Completed query 33
Processing query 34...
✓ Completed query 34
Processing query 35...
✓ Completed query 35
Processing query 36...
✓ Completed query 36
Processing query 37...
✓ Completed query 37
Processing query 38...
✓ Completed query 38
Processing query 39...
✓ Completed query 39
Processing query 40...
✓ Completed query 40
Processing query 41...
✓ Completed query 41
Processing query 42...
✓ Completed query 42
Processing query 43...
✓ Completed query 43
Processing query 44...
✓ Completed query 44
Processing query 45...
✓ Completed query 45
Processing query 46...
✓ Completed query 46
Processing query 47...
✓ Completed query 47
Processing query 48...
✓ Completed query 48
Processing query 49...
✓ Completed query 49

✓ Config completed successfully (50 outputs)

================================================================================
Running config: chunk64_k2_dense
  Chunk size: 64
  Top-k: 2
  Retriever: dense
================================================================================

Command: python main.py --task io --api together --hf_ckpt mistralai/Mixtral-8x7B-Instruct-v0.1 --is_chat_model true --io_input_path extensions/2_retriever_surgery/results/mixtral8x7b/prompts_50.json --io_output_root extensions/2_retriever_surgery/results/mixtral8x7b/outputs/chunk64_k2_dense --raw_data_dir raw_data/private/wiki_newest --datastore_root datastore --output_dir extensions/2_retriever_surgery/results/mixtral8x7b/outputs/chunk64_k2_dense --max_retrieval_seq_length 64 --k_for_ric 2 --index_name dense --together_ckpt mistralai/Mixtral-8x7B-Instruct-v0.1 --dense_model sentence-transformers/all-mpnet-base-v2 --faiss_index_type Flat

==> Loading dense encoder: sentence-transformers/all-mpnet-base-v2
==> Building dense index at datastore/RIC_LM+wiki_newest+Mixtral-8x7B-Instruct-v0.1+64+128
==> Reading and tokenizing raw data...
==> Number of tokens: 2542391.
==> Making chunks...
==> 19863 chunks in total.
==> 19863 non-empty chunks.
==> Encoding chunks with dense model...
==> Embeddings shape: (19863, 768)
==> Building FAISS index (Flat)...
==> FAISS index saved to datastore/RIC_LM+wiki_newest+Mixtral-8x7B-Instruct-v0.1+64+128/dense.index
Processing query 0...
✓ Completed query 0
Processing query 1...
✓ Completed query 1
Processing query 2...
✓ Completed query 2
Processing query 3...
✓ Completed query 3
Processing query 4...
✓ Completed query 4
Processing query 5...
✓ Completed query 5
Processing query 6...
✓ Completed query 6
Processing query 7...
✓ Completed query 7
Processing query 8...
✓ Completed query 8
Processing query 9...
✓ Completed query 9
Processing query 10...
✓ Completed query 10
Processing query 11...
✓ Completed query 11
Processing query 12...
✓ Completed query 12
Processing query 13...
✓ Completed query 13
Processing query 14...
✓ Completed query 14
Processing query 15...
✓ Completed query 15
Processing query 16...
✓ Completed query 16
Processing query 17...
✓ Completed query 17
Processing query 18...
✓ Completed query 18
Processing query 19...
✓ Completed query 19
Processing query 20...
✓ Completed query 20
Processing query 21...
✓ Completed query 21
Processing query 22...
✓ Completed query 22
Processing query 23...
✓ Completed query 23
Processing query 24...
✓ Completed query 24
Processing query 25...
✓ Completed query 25
Processing query 26...
✓ Completed query 26
Processing query 27...
✓ Completed query 27
Processing query 28...
✓ Completed query 28
Processing query 29...
✓ Completed query 29
Processing query 30...
✓ Completed query 30
Processing query 31...
✓ Completed query 31
Processing query 32...
✓ Completed query 32
Processing query 33...
✓ Completed query 33
Processing query 34...
✓ Completed query 34
Processing query 35...
✓ Completed query 35
Processing query 36...
✓ Completed query 36
Processing query 37...
✓ Completed query 37
Processing query 38...
✓ Completed query 38
Processing query 39...
✓ Completed query 39
Processing query 40...
✓ Completed query 40
Processing query 41...
✓ Completed query 41
Processing query 42...
✓ Completed query 42
Processing query 43...
✓ Completed query 43
Processing query 44...
✓ Completed query 44
Processing query 45...
✓ Completed query 45
Processing query 46...
✓ Completed query 46
Processing query 47...
✓ Completed query 47
Processing query 48...
✓ Completed query 48
Processing query 49...
✓ Completed query 49

✓ Config completed successfully (50 outputs)

================================================================================
Running config: chunk64_k2_hybrid
  Chunk size: 64
  Top-k: 2
  Retriever: hybrid
================================================================================

Command: python main.py --task io --api together --hf_ckpt mistralai/Mixtral-8x7B-Instruct-v0.1 --is_chat_model true --io_input_path extensions/2_retriever_surgery/results/mixtral8x7b/prompts_50.json --io_output_root extensions/2_retriever_surgery/results/mixtral8x7b/outputs/chunk64_k2_hybrid --raw_data_dir raw_data/private/wiki_newest --datastore_root datastore --output_dir extensions/2_retriever_surgery/results/mixtral8x7b/outputs/chunk64_k2_hybrid --max_retrieval_seq_length 64 --k_for_ric 2 --index_name hybrid --together_ckpt mistralai/Mixtral-8x7B-Instruct-v0.1 --dense_model sentence-transformers/all-mpnet-base-v2 --faiss_index_type Flat --hybrid_alpha 0.5

==> Initializing hybrid index (BM25 + Dense)
==> Building BM25 component...
==> Reading and tokenizing raw data...
WARNING: sun.reflect.Reflection.getCallerClass is not supported. This will impact performance.
2025-11-02 12:23:57,540 INFO  [main] index.IndexCollection (IndexCollection.java:380) - Setting log level to INFO
2025-11-02 12:23:57,580 INFO  [main] index.IndexCollection (IndexCollection.java:383) - Starting indexer...
2025-11-02 12:23:57,580 INFO  [main] index.IndexCollection (IndexCollection.java:384) - ============ Loading Parameters ============
2025-11-02 12:23:57,583 INFO  [main] index.IndexCollection (IndexCollection.java:385) - DocumentCollection path: datastore/RIC_LM+wiki_newest+Mixtral-8x7B-Instruct-v0.1+64+128/bm25/tokens
2025-11-02 12:23:57,587 INFO  [main] index.IndexCollection (IndexCollection.java:386) - CollectionClass: JsonCollection
2025-11-02 12:23:57,587 INFO  [main] index.IndexCollection (IndexCollection.java:387) - Generator: DefaultLuceneDocumentGenerator
2025-11-02 12:23:57,587 INFO  [main] index.IndexCollection (IndexCollection.java:388) - Threads: 1
2025-11-02 12:23:57,588 INFO  [main] index.IndexCollection (IndexCollection.java:389) - Language: en
2025-11-02 12:23:57,588 INFO  [main] index.IndexCollection (IndexCollection.java:390) - Stemmer: porter
2025-11-02 12:23:57,588 INFO  [main] index.IndexCollection (IndexCollection.java:391) - Keep stopwords? false
2025-11-02 12:23:57,588 INFO  [main] index.IndexCollection (IndexCollection.java:392) - Stopwords: null
2025-11-02 12:23:57,588 INFO  [main] index.IndexCollection (IndexCollection.java:393) - Store positions? false
2025-11-02 12:23:57,588 INFO  [main] index.IndexCollection (IndexCollection.java:394) - Store docvectors? false
2025-11-02 12:23:57,589 INFO  [main] index.IndexCollection (IndexCollection.java:395) - Store document "contents" field? false
2025-11-02 12:23:57,589 INFO  [main] index.IndexCollection (IndexCollection.java:396) - Store document "raw" field? true
2025-11-02 12:23:57,589 INFO  [main] index.IndexCollection (IndexCollection.java:397) - Additional fields to index: []
2025-11-02 12:23:57,589 INFO  [main] index.IndexCollection (IndexCollection.java:398) - Optimize (merge segments)? false
2025-11-02 12:23:57,589 INFO  [main] index.IndexCollection (IndexCollection.java:399) - Whitelist: null
2025-11-02 12:23:57,589 INFO  [main] index.IndexCollection (IndexCollection.java:400) - Pretokenized?: false
2025-11-02 12:23:57,589 INFO  [main] index.IndexCollection (IndexCollection.java:401) - Index path: datastore/RIC_LM+wiki_newest+Mixtral-8x7B-Instruct-v0.1+64+128/bm25
2025-11-02 12:23:57,595 INFO  [main] index.IndexCollection (IndexCollection.java:481) - ============ Indexing Collection ============
2025-11-02 12:23:57,606 INFO  [main] index.IndexCollection (IndexCollection.java:468) - Using DefaultEnglishAnalyzer
2025-11-02 12:23:57,606 INFO  [main] index.IndexCollection (IndexCollection.java:469) - Stemmer: porter
2025-11-02 12:23:57,606 INFO  [main] index.IndexCollection (IndexCollection.java:470) - Keep stopwords? false
2025-11-02 12:23:57,606 INFO  [main] index.IndexCollection (IndexCollection.java:471) - Stopwords file: null
2025-11-02 12:23:57,714 INFO  [main] index.IndexCollection (IndexCollection.java:510) - Thread pool with 1 threads initialized.
2025-11-02 12:23:57,714 INFO  [main] index.IndexCollection (IndexCollection.java:512) - Initializing collection in datastore/RIC_LM+wiki_newest+Mixtral-8x7B-Instruct-v0.1+64+128/bm25/tokens
2025-11-02 12:23:57,715 INFO  [main] index.IndexCollection (IndexCollection.java:521) - 1 file found
2025-11-02 12:23:57,716 INFO  [main] index.IndexCollection (IndexCollection.java:522) - Starting to index...
2025-11-02 12:23:58,943 DEBUG [pool-2-thread-1] index.IndexCollection$LocalIndexerThread (IndexCollection.java:345) - tokens/data.jsonl: 19863 docs added.
2025-11-02 12:23:59,254 INFO  [main] index.IndexCollection (IndexCollection.java:578) - Indexing Complete! 19,863 documents indexed
2025-11-02 12:23:59,255 INFO  [main] index.IndexCollection (IndexCollection.java:579) - ============ Final Counter Values ============
2025-11-02 12:23:59,255 INFO  [main] index.IndexCollection (IndexCollection.java:580) - indexed:           19,863
2025-11-02 12:23:59,255 INFO  [main] index.IndexCollection (IndexCollection.java:581) - unindexable:            0
2025-11-02 12:23:59,255 INFO  [main] index.IndexCollection (IndexCollection.java:582) - empty:                  0
2025-11-02 12:23:59,255 INFO  [main] index.IndexCollection (IndexCollection.java:583) - skipped:                0
2025-11-02 12:23:59,255 INFO  [main] index.IndexCollection (IndexCollection.java:584) - errors:                 0
2025-11-02 12:23:59,260 INFO  [main] index.IndexCollection (IndexCollection.java:587) - Total 19,863 documents indexed in 00:00:01
==> Number of tokens: 2542391.
==> Making chunks...
==> 19863 chunks in total.
==> Start building index for datastore/RIC_LM+wiki_newest+Mixtral-8x7B-Instruct-v0.1+64+128/bm25/tokens at datastore/RIC_LM+wiki_newest+Mixtral-8x7B-Instruct-v0.1+64+128/bm25
Successfully built the index
==> Building Dense component...
==> Loading dense encoder: sentence-transformers/all-mpnet-base-v2
==> Building dense index at datastore/RIC_LM+wiki_newest+Mixtral-8x7B-Instruct-v0.1+64+128/dense
==> Reading and tokenizing raw data...
==> Number of tokens: 2542391.
==> Making chunks...
==> 19863 chunks in total.
==> 19863 non-empty chunks.
==> Encoding chunks with dense model...
==> Embeddings shape: (19863, 768)
==> Building FAISS index (Flat)...
==> FAISS index saved to datastore/RIC_LM+wiki_newest+Mixtral-8x7B-Instruct-v0.1+64+128/dense/dense.index
Processing query 0...
✓ Completed query 0
Processing query 1...
✓ Completed query 1
Processing query 2...
✓ Completed query 2
Processing query 3...
✓ Completed query 3
Processing query 4...
✓ Completed query 4
Processing query 5...
✓ Completed query 5
Processing query 6...
✓ Completed query 6
Processing query 7...
✓ Completed query 7
Processing query 8...
✓ Completed query 8
Processing query 9...
✓ Completed query 9
Processing query 10...
✓ Completed query 10
Processing query 11...
✓ Completed query 11
Processing query 12...
✓ Completed query 12
Processing query 13...
✓ Completed query 13
Processing query 14...
✓ Completed query 14
Processing query 15...
✓ Completed query 15
Processing query 16...
✓ Completed query 16
Processing query 17...
✓ Completed query 17
Processing query 18...
✓ Completed query 18
Processing query 19...
✓ Completed query 19
Processing query 20...
✓ Completed query 20
Processing query 21...
✓ Completed query 21
Processing query 22...
✓ Completed query 22
Processing query 23...
✓ Completed query 23
Processing query 24...
✓ Completed query 24
Processing query 25...
✓ Completed query 25
Processing query 26...
✓ Completed query 26
Processing query 27...
✓ Completed query 27
Processing query 28...
✓ Completed query 28
Processing query 29...
✓ Completed query 29
Processing query 30...
✓ Completed query 30
Processing query 31...
✓ Completed query 31
Processing query 32...
✓ Completed query 32
Processing query 33...
✓ Completed query 33
Processing query 34...
✓ Completed query 34
Processing query 35...
✓ Completed query 35
Processing query 36...
✓ Completed query 36
Processing query 37...
✓ Completed query 37
Processing query 38...
✓ Completed query 38
Processing query 39...
✓ Completed query 39
Processing query 40...
✓ Completed query 40
Processing query 41...
✓ Completed query 41
Processing query 42...
✓ Completed query 42
Processing query 43...
✓ Completed query 43
Processing query 44...
✓ Completed query 44
Processing query 45...
✓ Completed query 45
Processing query 46...
✓ Completed query 46
Processing query 47...
✓ Completed query 47
Processing query 48...
✓ Completed query 48
Processing query 49...
✓ Completed query 49

✓ Config completed successfully (50 outputs)

================================================================================
Running config: chunk64_k4_bm25
  Chunk size: 64
  Top-k: 4
  Retriever: bm25
================================================================================

Command: python main.py --task io --api together --hf_ckpt mistralai/Mixtral-8x7B-Instruct-v0.1 --is_chat_model true --io_input_path extensions/2_retriever_surgery/results/mixtral8x7b/prompts_50.json --io_output_root extensions/2_retriever_surgery/results/mixtral8x7b/outputs/chunk64_k4_bm25 --raw_data_dir raw_data/private/wiki_newest --datastore_root datastore --output_dir extensions/2_retriever_surgery/results/mixtral8x7b/outputs/chunk64_k4_bm25 --max_retrieval_seq_length 64 --k_for_ric 4 --index_name bm25 --together_ckpt mistralai/Mixtral-8x7B-Instruct-v0.1

==> Datastore exists at:  datastore/RIC_LM+wiki_newest+Mixtral-8x7B-Instruct-v0.1+64+128
Processing query 0...
✓ Completed query 0
Processing query 1...
✓ Completed query 1
Processing query 2...
✓ Completed query 2
Processing query 3...
✓ Completed query 3
Processing query 4...
✓ Completed query 4
Processing query 5...
✓ Completed query 5
Processing query 6...
✓ Completed query 6
Processing query 7...
✓ Completed query 7
Processing query 8...
✓ Completed query 8
Processing query 9...
✓ Completed query 9
Processing query 10...
✓ Completed query 10
Processing query 11...
✓ Completed query 11
Processing query 12...
✓ Completed query 12
Processing query 13...
✓ Completed query 13
Processing query 14...
✓ Completed query 14
Processing query 15...
✓ Completed query 15
Processing query 16...
✓ Completed query 16
Processing query 17...
✓ Completed query 17
Processing query 18...
✓ Completed query 18
Processing query 19...
✓ Completed query 19
Processing query 20...
✓ Completed query 20
Processing query 21...
✓ Completed query 21
Processing query 22...
✓ Completed query 22
Processing query 23...
✓ Completed query 23
Processing query 24...
✓ Completed query 24
Processing query 25...
✓ Completed query 25
Processing query 26...
✓ Completed query 26
Processing query 27...
✓ Completed query 27
Processing query 28...
✓ Completed query 28
Processing query 29...
✓ Completed query 29
Processing query 30...
✓ Completed query 30
Processing query 31...
✓ Completed query 31
Processing query 32...
✓ Completed query 32
Processing query 33...
✓ Completed query 33
Processing query 34...
✓ Completed query 34
Processing query 35...
✓ Completed query 35
Processing query 36...
✓ Completed query 36
Processing query 37...
✓ Completed query 37
Processing query 38...
✓ Completed query 38
Processing query 39...
✓ Completed query 39
Processing query 40...
✓ Completed query 40
Processing query 41...
✓ Completed query 41
Processing query 42...
✓ Completed query 42
Processing query 43...
✓ Completed query 43
Processing query 44...
✓ Completed query 44
Processing query 45...
✓ Completed query 45
Processing query 46...
✓ Completed query 46
Processing query 47...
✓ Completed query 47
Processing query 48...
✓ Completed query 48
Processing query 49...
✓ Completed query 49

✓ Config completed successfully (50 outputs)

================================================================================
Running config: chunk64_k4_dense
  Chunk size: 64
  Top-k: 4
  Retriever: dense
================================================================================

Command: python main.py --task io --api together --hf_ckpt mistralai/Mixtral-8x7B-Instruct-v0.1 --is_chat_model true --io_input_path extensions/2_retriever_surgery/results/mixtral8x7b/prompts_50.json --io_output_root extensions/2_retriever_surgery/results/mixtral8x7b/outputs/chunk64_k4_dense --raw_data_dir raw_data/private/wiki_newest --datastore_root datastore --output_dir extensions/2_retriever_surgery/results/mixtral8x7b/outputs/chunk64_k4_dense --max_retrieval_seq_length 64 --k_for_ric 4 --index_name dense --together_ckpt mistralai/Mixtral-8x7B-Instruct-v0.1 --dense_model sentence-transformers/all-mpnet-base-v2 --faiss_index_type Flat

==> Loading dense encoder: sentence-transformers/all-mpnet-base-v2
==> Loading existing dense index from datastore/RIC_LM+wiki_newest+Mixtral-8x7B-Instruct-v0.1+64+128
==> Loaded 19863 chunks and FAISS index with 19863 vectors
Processing query 0...
✓ Completed query 0
Processing query 1...
✓ Completed query 1
Processing query 2...
✓ Completed query 2
Processing query 3...
✓ Completed query 3
Processing query 4...
✓ Completed query 4
Processing query 5...
✓ Completed query 5
Processing query 6...
✓ Completed query 6
Processing query 7...
✓ Completed query 7
Processing query 8...
✓ Completed query 8
Processing query 9...
✓ Completed query 9
Processing query 10...
✓ Completed query 10
Processing query 11...
✓ Completed query 11
Processing query 12...
✓ Completed query 12
Processing query 13...
✓ Completed query 13
Processing query 14...
✓ Completed query 14
Processing query 15...
✓ Completed query 15
Processing query 16...
✓ Completed query 16
Processing query 17...
✓ Completed query 17
Processing query 18...
✓ Completed query 18
Processing query 19...
✓ Completed query 19
Processing query 20...
✓ Completed query 20
Processing query 21...
✓ Completed query 21
Processing query 22...
✓ Completed query 22
Processing query 23...
✓ Completed query 23
Processing query 24...
✓ Completed query 24
Processing query 25...
✓ Completed query 25
Processing query 26...
✓ Completed query 26
Processing query 27...
✓ Completed query 27
Processing query 28...
✓ Completed query 28
Processing query 29...
✓ Completed query 29
Processing query 30...
✓ Completed query 30
Processing query 31...
✓ Completed query 31
Processing query 32...
✓ Completed query 32
Processing query 33...
✓ Completed query 33
Processing query 34...
✓ Completed query 34
Processing query 35...
✓ Completed query 35
Processing query 36...
✓ Completed query 36
Processing query 37...
✓ Completed query 37
Processing query 38...
✓ Completed query 38
Processing query 39...
✓ Completed query 39
Processing query 40...
✓ Completed query 40
Processing query 41...
✓ Completed query 41
Processing query 42...
✓ Completed query 42
Processing query 43...
✓ Completed query 43
Processing query 44...
✓ Completed query 44
Processing query 45...
✓ Completed query 45
Processing query 46...
✓ Completed query 46
Processing query 47...
✓ Completed query 47
Processing query 48...
✓ Completed query 48
Processing query 49...
✓ Completed query 49

✓ Config completed successfully (50 outputs)

================================================================================
Running config: chunk64_k4_hybrid
  Chunk size: 64
  Top-k: 4
  Retriever: hybrid
================================================================================

Command: python main.py --task io --api together --hf_ckpt mistralai/Mixtral-8x7B-Instruct-v0.1 --is_chat_model true --io_input_path extensions/2_retriever_surgery/results/mixtral8x7b/prompts_50.json --io_output_root extensions/2_retriever_surgery/results/mixtral8x7b/outputs/chunk64_k4_hybrid --raw_data_dir raw_data/private/wiki_newest --datastore_root datastore --output_dir extensions/2_retriever_surgery/results/mixtral8x7b/outputs/chunk64_k4_hybrid --max_retrieval_seq_length 64 --k_for_ric 4 --index_name hybrid --together_ckpt mistralai/Mixtral-8x7B-Instruct-v0.1 --dense_model sentence-transformers/all-mpnet-base-v2 --faiss_index_type Flat --hybrid_alpha 0.5

==> Initializing hybrid index (BM25 + Dense)
==> Building BM25 component...
==> Datastore exists at:  datastore/RIC_LM+wiki_newest+Mixtral-8x7B-Instruct-v0.1+64+128/bm25
==> Building Dense component...
==> Loading dense encoder: sentence-transformers/all-mpnet-base-v2
==> Loading existing dense index from datastore/RIC_LM+wiki_newest+Mixtral-8x7B-Instruct-v0.1+64+128/dense
==> Loaded 19863 chunks and FAISS index with 19863 vectors
Processing query 0...
✓ Completed query 0
Processing query 1...
✓ Completed query 1
Processing query 2...
✓ Completed query 2
Processing query 3...
✓ Completed query 3
Processing query 4...
✓ Completed query 4
Processing query 5...
✓ Completed query 5
Processing query 6...
✓ Completed query 6
Processing query 7...
✓ Completed query 7
Processing query 8...
✓ Completed query 8
Processing query 9...
✓ Completed query 9
Processing query 10...
✓ Completed query 10
Processing query 11...
✓ Completed query 11
Processing query 12...
✓ Completed query 12
Processing query 13...
✓ Completed query 13
Processing query 14...
✓ Completed query 14
Processing query 15...
✓ Completed query 15
Processing query 16...
✓ Completed query 16
Processing query 17...
✓ Completed query 17
Processing query 18...
✓ Completed query 18
Processing query 19...
✓ Completed query 19
Processing query 20...
✓ Completed query 20
Processing query 21...
✓ Completed query 21
Processing query 22...
✓ Completed query 22
Processing query 23...
✓ Completed query 23
Processing query 24...
✓ Completed query 24
Processing query 25...
✓ Completed query 25
Processing query 26...
✓ Completed query 26
Processing query 27...
✓ Completed query 27
Processing query 28...
✓ Completed query 28
Processing query 29...
✓ Completed query 29
Processing query 30...
✓ Completed query 30
Processing query 31...
✓ Completed query 31
Processing query 32...
✓ Completed query 32
Processing query 33...
✓ Completed query 33
Processing query 34...
✓ Completed query 34
Processing query 35...
✓ Completed query 35
Processing query 36...
✓ Completed query 36
Processing query 37...
✓ Completed query 37
Processing query 38...
✓ Completed query 38
Processing query 39...
✓ Completed query 39
Processing query 40...
✓ Completed query 40
Processing query 41...
✓ Completed query 41
Processing query 42...
✓ Completed query 42
Processing query 43...
✓ Completed query 43
Processing query 44...
✓ Completed query 44
Processing query 45...
✓ Completed query 45
Processing query 46...
✓ Completed query 46
Processing query 47...
✓ Completed query 47
Processing query 48...
✓ Completed query 48
Processing query 49...
✓ Completed query 49

✓ Config completed successfully (50 outputs)

================================================================================
Running config: chunk64_k8_bm25
  Chunk size: 64
  Top-k: 8
  Retriever: bm25
================================================================================

Command: python main.py --task io --api together --hf_ckpt mistralai/Mixtral-8x7B-Instruct-v0.1 --is_chat_model true --io_input_path extensions/2_retriever_surgery/results/mixtral8x7b/prompts_50.json --io_output_root extensions/2_retriever_surgery/results/mixtral8x7b/outputs/chunk64_k8_bm25 --raw_data_dir raw_data/private/wiki_newest --datastore_root datastore --output_dir extensions/2_retriever_surgery/results/mixtral8x7b/outputs/chunk64_k8_bm25 --max_retrieval_seq_length 64 --k_for_ric 8 --index_name bm25 --together_ckpt mistralai/Mixtral-8x7B-Instruct-v0.1

==> Datastore exists at:  datastore/RIC_LM+wiki_newest+Mixtral-8x7B-Instruct-v0.1+64+128
Processing query 0...
✓ Completed query 0
Processing query 1...
✓ Completed query 1
Processing query 2...
✓ Completed query 2
Processing query 3...
✓ Completed query 3
Processing query 4...
✓ Completed query 4
Processing query 5...
✓ Completed query 5
Processing query 6...
✓ Completed query 6
Processing query 7...
✓ Completed query 7
Processing query 8...
✓ Completed query 8
Processing query 9...
✓ Completed query 9
Processing query 10...
✓ Completed query 10
Processing query 11...
✓ Completed query 11
Processing query 12...
✓ Completed query 12
Processing query 13...
✓ Completed query 13
Processing query 14...
✓ Completed query 14
Processing query 15...
✓ Completed query 15
Processing query 16...
✓ Completed query 16
Processing query 17...
✓ Completed query 17
Processing query 18...
✓ Completed query 18
Processing query 19...
✓ Completed query 19
Processing query 20...
✓ Completed query 20
Processing query 21...
✓ Completed query 21
Processing query 22...
✓ Completed query 22
Processing query 23...
✓ Completed query 23
Processing query 24...
✓ Completed query 24
Processing query 25...
✓ Completed query 25
Processing query 26...
✓ Completed query 26
Processing query 27...
✓ Completed query 27
Processing query 28...
✓ Completed query 28
Processing query 29...
✓ Completed query 29
Processing query 30...
✓ Completed query 30
Processing query 31...
✓ Completed query 31
Processing query 32...
✓ Completed query 32
Processing query 33...
✓ Completed query 33
Processing query 34...
✓ Completed query 34
Processing query 35...
✓ Completed query 35
Processing query 36...
✓ Completed query 36
Processing query 37...
✓ Completed query 37
Processing query 38...
✓ Completed query 38
Processing query 39...
✓ Completed query 39
Processing query 40...
✓ Completed query 40
Processing query 41...
✓ Completed query 41
Processing query 42...
✓ Completed query 42
Processing query 43...
✓ Completed query 43
Processing query 44...
✓ Completed query 44
Processing query 45...
✓ Completed query 45
Processing query 46...
✓ Completed query 46
Processing query 47...
✓ Completed query 47
Processing query 48...
✓ Completed query 48
Processing query 49...
✓ Completed query 49

✓ Config completed successfully (50 outputs)

================================================================================
Running config: chunk64_k8_dense
  Chunk size: 64
  Top-k: 8
  Retriever: dense
================================================================================

Command: python main.py --task io --api together --hf_ckpt mistralai/Mixtral-8x7B-Instruct-v0.1 --is_chat_model true --io_input_path extensions/2_retriever_surgery/results/mixtral8x7b/prompts_50.json --io_output_root extensions/2_retriever_surgery/results/mixtral8x7b/outputs/chunk64_k8_dense --raw_data_dir raw_data/private/wiki_newest --datastore_root datastore --output_dir extensions/2_retriever_surgery/results/mixtral8x7b/outputs/chunk64_k8_dense --max_retrieval_seq_length 64 --k_for_ric 8 --index_name dense --together_ckpt mistralai/Mixtral-8x7B-Instruct-v0.1 --dense_model sentence-transformers/all-mpnet-base-v2 --faiss_index_type Flat

==> Loading dense encoder: sentence-transformers/all-mpnet-base-v2
==> Loading existing dense index from datastore/RIC_LM+wiki_newest+Mixtral-8x7B-Instruct-v0.1+64+128
==> Loaded 19863 chunks and FAISS index with 19863 vectors
Processing query 0...
✓ Completed query 0
Processing query 1...
✓ Completed query 1
Processing query 2...
✓ Completed query 2
Processing query 3...
✓ Completed query 3
Processing query 4...
✓ Completed query 4
Processing query 5...
✓ Completed query 5
Processing query 6...
✓ Completed query 6
Processing query 7...
✓ Completed query 7
Processing query 8...
✓ Completed query 8
Processing query 9...
✓ Completed query 9
Processing query 10...
✓ Completed query 10
Processing query 11...
✓ Completed query 11
Processing query 12...
✓ Completed query 12
Processing query 13...
✓ Completed query 13
Processing query 14...
✓ Completed query 14
Processing query 15...
✓ Completed query 15
Processing query 16...
✓ Completed query 16
Processing query 17...
✓ Completed query 17
Processing query 18...
✓ Completed query 18
Processing query 19...
✓ Completed query 19
Processing query 20...
✓ Completed query 20
Processing query 21...
✓ Completed query 21
Processing query 22...
✓ Completed query 22
Processing query 23...
✓ Completed query 23
Processing query 24...
✓ Completed query 24
Processing query 25...
✓ Completed query 25
Processing query 26...
✓ Completed query 26
Processing query 27...
✓ Completed query 27
Processing query 28...
✓ Completed query 28
Processing query 29...
✓ Completed query 29
Processing query 30...
✓ Completed query 30
Processing query 31...
✓ Completed query 31
Processing query 32...
✓ Completed query 32
Processing query 33...
✓ Completed query 33
Processing query 34...
✓ Completed query 34
Processing query 35...
✓ Completed query 35
Processing query 36...
✓ Completed query 36
Processing query 37...
✓ Completed query 37
Processing query 38...
✓ Completed query 38
Processing query 39...
✓ Completed query 39
Processing query 40...
✓ Completed query 40
Processing query 41...
✓ Completed query 41
Processing query 42...
✓ Completed query 42
Processing query 43...
✓ Completed query 43
Processing query 44...
✓ Completed query 44
Processing query 45...
✓ Completed query 45
Processing query 46...
✓ Completed query 46
Processing query 47...
✓ Completed query 47
Processing query 48...
✓ Completed query 48
Processing query 49...
✓ Completed query 49

✓ Config completed successfully (50 outputs)

================================================================================
Running config: chunk64_k8_hybrid
  Chunk size: 64
  Top-k: 8
  Retriever: hybrid
================================================================================

Command: python main.py --task io --api together --hf_ckpt mistralai/Mixtral-8x7B-Instruct-v0.1 --is_chat_model true --io_input_path extensions/2_retriever_surgery/results/mixtral8x7b/prompts_50.json --io_output_root extensions/2_retriever_surgery/results/mixtral8x7b/outputs/chunk64_k8_hybrid --raw_data_dir raw_data/private/wiki_newest --datastore_root datastore --output_dir extensions/2_retriever_surgery/results/mixtral8x7b/outputs/chunk64_k8_hybrid --max_retrieval_seq_length 64 --k_for_ric 8 --index_name hybrid --together_ckpt mistralai/Mixtral-8x7B-Instruct-v0.1 --dense_model sentence-transformers/all-mpnet-base-v2 --faiss_index_type Flat --hybrid_alpha 0.5

==> Initializing hybrid index (BM25 + Dense)
==> Building BM25 component...
==> Datastore exists at:  datastore/RIC_LM+wiki_newest+Mixtral-8x7B-Instruct-v0.1+64+128/bm25
==> Building Dense component...
==> Loading dense encoder: sentence-transformers/all-mpnet-base-v2
==> Loading existing dense index from datastore/RIC_LM+wiki_newest+Mixtral-8x7B-Instruct-v0.1+64+128/dense
==> Loaded 19863 chunks and FAISS index with 19863 vectors
Processing query 0...
✓ Completed query 0
Processing query 1...
✓ Completed query 1
Processing query 2...
✓ Completed query 2
Processing query 3...
✓ Completed query 3
Processing query 4...
✓ Completed query 4
Processing query 5...
✓ Completed query 5
Processing query 6...
✓ Completed query 6
Processing query 7...
✓ Completed query 7
Processing query 8...
✓ Completed query 8
Processing query 9...
✓ Completed query 9
Processing query 10...
✓ Completed query 10
Processing query 11...
✓ Completed query 11
Processing query 12...
✓ Completed query 12
Processing query 13...
✓ Completed query 13
Processing query 14...
✓ Completed query 14
Processing query 15...
✓ Completed query 15
Processing query 16...
✓ Completed query 16
Processing query 17...
✓ Completed query 17
Processing query 18...
✓ Completed query 18
Processing query 19...
✓ Completed query 19
Processing query 20...
✓ Completed query 20
Processing query 21...
✓ Completed query 21
Processing query 22...
✓ Completed query 22
Processing query 23...
✓ Completed query 23
Processing query 24...
✓ Completed query 24
Processing query 25...
✓ Completed query 25
Processing query 26...
✓ Completed query 26
Processing query 27...
✓ Completed query 27
Processing query 28...
✓ Completed query 28
Processing query 29...
✓ Completed query 29
Processing query 30...
✓ Completed query 30
Processing query 31...
✓ Completed query 31
Processing query 32...
✓ Completed query 32
Processing query 33...
✓ Completed query 33
Processing query 34...
✓ Completed query 34
Processing query 35...
✓ Completed query 35
Processing query 36...
✓ Completed query 36
Processing query 37...
✓ Completed query 37
Processing query 38...
✓ Completed query 38
Processing query 39...
✓ Completed query 39
Processing query 40...
✓ Completed query 40
Processing query 41...
✓ Completed query 41
Processing query 42...
✓ Completed query 42
Processing query 43...
✓ Completed query 43
Processing query 44...
✓ Completed query 44
Processing query 45...
✓ Completed query 45
Processing query 46...
✓ Completed query 46
Processing query 47...
✓ Completed query 47
Processing query 48...
✓ Completed query 48
Processing query 49...
✓ Completed query 49

✓ Config completed successfully (50 outputs)

================================================================================
Running config: chunk128_k2_bm25
  Chunk size: 128
  Top-k: 2
  Retriever: bm25
================================================================================

Command: python main.py --task io --api together --hf_ckpt mistralai/Mixtral-8x7B-Instruct-v0.1 --is_chat_model true --io_input_path extensions/2_retriever_surgery/results/mixtral8x7b/prompts_50.json --io_output_root extensions/2_retriever_surgery/results/mixtral8x7b/outputs/chunk128_k2_bm25 --raw_data_dir raw_data/private/wiki_newest --datastore_root datastore --output_dir extensions/2_retriever_surgery/results/mixtral8x7b/outputs/chunk128_k2_bm25 --max_retrieval_seq_length 128 --k_for_ric 2 --index_name bm25 --together_ckpt mistralai/Mixtral-8x7B-Instruct-v0.1

==> Datastore exists at:  datastore/RIC_LM+wiki_newest+Mixtral-8x7B-Instruct-v0.1+128+128
Processing query 0...
✓ Completed query 0
Processing query 1...
✓ Completed query 1
Processing query 2...
✓ Completed query 2
Processing query 3...
✓ Completed query 3
Processing query 4...
✓ Completed query 4
Processing query 5...
✓ Completed query 5
Processing query 6...
✓ Completed query 6
Processing query 7...
✓ Completed query 7
Processing query 8...
✓ Completed query 8
Processing query 9...
✓ Completed query 9
Processing query 10...
✓ Completed query 10
Processing query 11...
✓ Completed query 11
Processing query 12...
✓ Completed query 12
Processing query 13...
✓ Completed query 13
Processing query 14...
✓ Completed query 14
Processing query 15...
✓ Completed query 15
Processing query 16...
✓ Completed query 16
Processing query 17...
✓ Completed query 17
Processing query 18...
✓ Completed query 18
Processing query 19...
✓ Completed query 19
Processing query 20...
✓ Completed query 20
Processing query 21...
✓ Completed query 21
Processing query 22...
✓ Completed query 22
Processing query 23...
✓ Completed query 23
Processing query 24...
✓ Completed query 24
Processing query 25...
✓ Completed query 25
Processing query 26...
✓ Completed query 26
Processing query 27...
✓ Completed query 27
Processing query 28...
✓ Completed query 28
Processing query 29...
✓ Completed query 29
Processing query 30...
✓ Completed query 30
Processing query 31...
✓ Completed query 31
Processing query 32...
✓ Completed query 32
Processing query 33...
✓ Completed query 33
Processing query 34...
✓ Completed query 34
Processing query 35...
✓ Completed query 35
Processing query 36...
✓ Completed query 36
Processing query 37...
✓ Completed query 37
Processing query 38...
✓ Completed query 38
Processing query 39...
✓ Completed query 39
Processing query 40...
✓ Completed query 40
Processing query 41...
✓ Completed query 41
Processing query 42...
✓ Completed query 42
Processing query 43...
✓ Completed query 43
Processing query 44...
✓ Completed query 44
Processing query 45...
✓ Completed query 45
Processing query 46...
✓ Completed query 46
Processing query 47...
✓ Completed query 47
Processing query 48...
✓ Completed query 48
Processing query 49...
✓ Completed query 49

✓ Config completed successfully (50 outputs)

================================================================================
Running config: chunk128_k2_dense
  Chunk size: 128
  Top-k: 2
  Retriever: dense
================================================================================

Command: python main.py --task io --api together --hf_ckpt mistralai/Mixtral-8x7B-Instruct-v0.1 --is_chat_model true --io_input_path extensions/2_retriever_surgery/results/mixtral8x7b/prompts_50.json --io_output_root extensions/2_retriever_surgery/results/mixtral8x7b/outputs/chunk128_k2_dense --raw_data_dir raw_data/private/wiki_newest --datastore_root datastore --output_dir extensions/2_retriever_surgery/results/mixtral8x7b/outputs/chunk128_k2_dense --max_retrieval_seq_length 128 --k_for_ric 2 --index_name dense --together_ckpt mistralai/Mixtral-8x7B-Instruct-v0.1 --dense_model sentence-transformers/all-mpnet-base-v2 --faiss_index_type Flat

==> Loading dense encoder: sentence-transformers/all-mpnet-base-v2
==> Building dense index at datastore/RIC_LM+wiki_newest+Mixtral-8x7B-Instruct-v0.1+128+128
==> Reading and tokenizing raw data...
==> Number of tokens: 2542391.
==> Making chunks...
==> 19863 chunks in total.
==> 19863 non-empty chunks.
==> Encoding chunks with dense model...
==> Embeddings shape: (19863, 768)
==> Building FAISS index (Flat)...
==> FAISS index saved to datastore/RIC_LM+wiki_newest+Mixtral-8x7B-Instruct-v0.1+128+128/dense.index
Processing query 0...
✓ Completed query 0
Processing query 1...
✓ Completed query 1
Processing query 2...
✓ Completed query 2
Processing query 3...
✓ Completed query 3
Processing query 4...
✓ Completed query 4
Processing query 5...
✓ Completed query 5
Processing query 6...
✓ Completed query 6
Processing query 7...
✓ Completed query 7
Processing query 8...
✓ Completed query 8
Processing query 9...
✓ Completed query 9
Processing query 10...
✓ Completed query 10
Processing query 11...
✓ Completed query 11
Processing query 12...
✓ Completed query 12
Processing query 13...
✓ Completed query 13
Processing query 14...
✓ Completed query 14
Processing query 15...
✓ Completed query 15
Processing query 16...
✓ Completed query 16
Processing query 17...
✓ Completed query 17
Processing query 18...
✓ Completed query 18
Processing query 19...
✓ Completed query 19
Processing query 20...
✓ Completed query 20
Processing query 21...
✓ Completed query 21
Processing query 22...
✓ Completed query 22
Processing query 23...
✓ Completed query 23
Processing query 24...
✓ Completed query 24
Processing query 25...
✓ Completed query 25
Processing query 26...
✓ Completed query 26
Processing query 27...
✓ Completed query 27
Processing query 28...
✓ Completed query 28
Processing query 29...
✓ Completed query 29
Processing query 30...
✓ Completed query 30
Processing query 31...
✓ Completed query 31
Processing query 32...
✓ Completed query 32
Processing query 33...
✓ Completed query 33
Processing query 34...
✓ Completed query 34
Processing query 35...
✓ Completed query 35
Processing query 36...
✓ Completed query 36
Processing query 37...
✓ Completed query 37
Processing query 38...
✓ Completed query 38
Processing query 39...
✓ Completed query 39
Processing query 40...
✓ Completed query 40
Processing query 41...
✓ Completed query 41
Processing query 42...
✓ Completed query 42
Processing query 43...
✓ Completed query 43
Processing query 44...
✓ Completed query 44
Processing query 45...
✓ Completed query 45
Processing query 46...
✓ Completed query 46
Processing query 47...
✓ Completed query 47
Processing query 48...
✓ Completed query 48
Processing query 49...
✓ Completed query 49

✓ Config completed successfully (50 outputs)

================================================================================
Running config: chunk128_k2_hybrid
  Chunk size: 128
  Top-k: 2
  Retriever: hybrid
================================================================================

Command: python main.py --task io --api together --hf_ckpt mistralai/Mixtral-8x7B-Instruct-v0.1 --is_chat_model true --io_input_path extensions/2_retriever_surgery/results/mixtral8x7b/prompts_50.json --io_output_root extensions/2_retriever_surgery/results/mixtral8x7b/outputs/chunk128_k2_hybrid --raw_data_dir raw_data/private/wiki_newest --datastore_root datastore --output_dir extensions/2_retriever_surgery/results/mixtral8x7b/outputs/chunk128_k2_hybrid --max_retrieval_seq_length 128 --k_for_ric 2 --index_name hybrid --together_ckpt mistralai/Mixtral-8x7B-Instruct-v0.1 --dense_model sentence-transformers/all-mpnet-base-v2 --faiss_index_type Flat --hybrid_alpha 0.5

==> Initializing hybrid index (BM25 + Dense)
==> Building BM25 component...
==> Reading and tokenizing raw data...
WARNING: sun.reflect.Reflection.getCallerClass is not supported. This will impact performance.
2025-11-02 13:08:06,460 INFO  [main] index.IndexCollection (IndexCollection.java:380) - Setting log level to INFO
2025-11-02 13:08:06,460 INFO  [main] index.IndexCollection (IndexCollection.java:383) - Starting indexer...
2025-11-02 13:08:06,460 INFO  [main] index.IndexCollection (IndexCollection.java:384) - ============ Loading Parameters ============
2025-11-02 13:08:06,461 INFO  [main] index.IndexCollection (IndexCollection.java:385) - DocumentCollection path: datastore/RIC_LM+wiki_newest+Mixtral-8x7B-Instruct-v0.1+128+128/bm25/tokens
2025-11-02 13:08:06,461 INFO  [main] index.IndexCollection (IndexCollection.java:386) - CollectionClass: JsonCollection
2025-11-02 13:08:06,461 INFO  [main] index.IndexCollection (IndexCollection.java:387) - Generator: DefaultLuceneDocumentGenerator
2025-11-02 13:08:06,461 INFO  [main] index.IndexCollection (IndexCollection.java:388) - Threads: 1
2025-11-02 13:08:06,461 INFO  [main] index.IndexCollection (IndexCollection.java:389) - Language: en
2025-11-02 13:08:06,461 INFO  [main] index.IndexCollection (IndexCollection.java:390) - Stemmer: porter
2025-11-02 13:08:06,461 INFO  [main] index.IndexCollection (IndexCollection.java:391) - Keep stopwords? false
2025-11-02 13:08:06,461 INFO  [main] index.IndexCollection (IndexCollection.java:392) - Stopwords: null
2025-11-02 13:08:06,461 INFO  [main] index.IndexCollection (IndexCollection.java:393) - Store positions? false
2025-11-02 13:08:06,461 INFO  [main] index.IndexCollection (IndexCollection.java:394) - Store docvectors? false
2025-11-02 13:08:06,462 INFO  [main] index.IndexCollection (IndexCollection.java:395) - Store document "contents" field? false
2025-11-02 13:08:06,462 INFO  [main] index.IndexCollection (IndexCollection.java:396) - Store document "raw" field? true
2025-11-02 13:08:06,462 INFO  [main] index.IndexCollection (IndexCollection.java:397) - Additional fields to index: []
2025-11-02 13:08:06,462 INFO  [main] index.IndexCollection (IndexCollection.java:398) - Optimize (merge segments)? false
2025-11-02 13:08:06,462 INFO  [main] index.IndexCollection (IndexCollection.java:399) - Whitelist: null
2025-11-02 13:08:06,462 INFO  [main] index.IndexCollection (IndexCollection.java:400) - Pretokenized?: false
2025-11-02 13:08:06,462 INFO  [main] index.IndexCollection (IndexCollection.java:401) - Index path: datastore/RIC_LM+wiki_newest+Mixtral-8x7B-Instruct-v0.1+128+128/bm25
2025-11-02 13:08:06,464 INFO  [main] index.IndexCollection (IndexCollection.java:481) - ============ Indexing Collection ============
2025-11-02 13:08:06,468 INFO  [main] index.IndexCollection (IndexCollection.java:468) - Using DefaultEnglishAnalyzer
2025-11-02 13:08:06,468 INFO  [main] index.IndexCollection (IndexCollection.java:469) - Stemmer: porter
2025-11-02 13:08:06,468 INFO  [main] index.IndexCollection (IndexCollection.java:470) - Keep stopwords? false
2025-11-02 13:08:06,468 INFO  [main] index.IndexCollection (IndexCollection.java:471) - Stopwords file: null
2025-11-02 13:08:06,524 INFO  [main] index.IndexCollection (IndexCollection.java:510) - Thread pool with 1 threads initialized.
2025-11-02 13:08:06,524 INFO  [main] index.IndexCollection (IndexCollection.java:512) - Initializing collection in datastore/RIC_LM+wiki_newest+Mixtral-8x7B-Instruct-v0.1+128+128/bm25/tokens
2025-11-02 13:08:06,526 INFO  [main] index.IndexCollection (IndexCollection.java:521) - 1 file found
2025-11-02 13:08:06,526 INFO  [main] index.IndexCollection (IndexCollection.java:522) - Starting to index...
2025-11-02 13:08:07,754 DEBUG [pool-2-thread-1] index.IndexCollection$LocalIndexerThread (IndexCollection.java:345) - tokens/data.jsonl: 19863 docs added.
2025-11-02 13:08:08,143 INFO  [main] index.IndexCollection (IndexCollection.java:578) - Indexing Complete! 19,863 documents indexed
2025-11-02 13:08:08,143 INFO  [main] index.IndexCollection (IndexCollection.java:579) - ============ Final Counter Values ============
2025-11-02 13:08:08,143 INFO  [main] index.IndexCollection (IndexCollection.java:580) - indexed:           19,863
2025-11-02 13:08:08,143 INFO  [main] index.IndexCollection (IndexCollection.java:581) - unindexable:            0
2025-11-02 13:08:08,143 INFO  [main] index.IndexCollection (IndexCollection.java:582) - empty:                  0
2025-11-02 13:08:08,144 INFO  [main] index.IndexCollection (IndexCollection.java:583) - skipped:                0
2025-11-02 13:08:08,144 INFO  [main] index.IndexCollection (IndexCollection.java:584) - errors:                 0
2025-11-02 13:08:08,146 INFO  [main] index.IndexCollection (IndexCollection.java:587) - Total 19,863 documents indexed in 00:00:01
==> Number of tokens: 2542391.
==> Making chunks...
==> 19863 chunks in total.
==> Start building index for datastore/RIC_LM+wiki_newest+Mixtral-8x7B-Instruct-v0.1+128+128/bm25/tokens at datastore/RIC_LM+wiki_newest+Mixtral-8x7B-Instruct-v0.1+128+128/bm25
Successfully built the index
==> Building Dense component...
==> Loading dense encoder: sentence-transformers/all-mpnet-base-v2
==> Building dense index at datastore/RIC_LM+wiki_newest+Mixtral-8x7B-Instruct-v0.1+128+128/dense
==> Reading and tokenizing raw data...
==> Number of tokens: 2542391.
==> Making chunks...
==> 19863 chunks in total.
==> 19863 non-empty chunks.
==> Encoding chunks with dense model...
==> Embeddings shape: (19863, 768)
==> Building FAISS index (Flat)...
==> FAISS index saved to datastore/RIC_LM+wiki_newest+Mixtral-8x7B-Instruct-v0.1+128+128/dense/dense.index
Processing query 0...
✓ Completed query 0
Processing query 1...
✓ Completed query 1
Processing query 2...
✓ Completed query 2
Processing query 3...
✓ Completed query 3
Processing query 4...
✓ Completed query 4
Processing query 5...
✓ Completed query 5
Processing query 6...
✓ Completed query 6
Processing query 7...
✓ Completed query 7
Processing query 8...
✓ Completed query 8
Processing query 9...
✓ Completed query 9
Processing query 10...
✓ Completed query 10
Processing query 11...
✓ Completed query 11
Processing query 12...
✓ Completed query 12
Processing query 13...
✓ Completed query 13
Processing query 14...
✓ Completed query 14
Processing query 15...
✓ Completed query 15
Processing query 16...
✓ Completed query 16
Processing query 17...
✓ Completed query 17
Processing query 18...
✓ Completed query 18
Processing query 19...
✓ Completed query 19
Processing query 20...
✓ Completed query 20
Processing query 21...
✓ Completed query 21
Processing query 22...
✓ Completed query 22
Processing query 23...
✓ Completed query 23
Processing query 24...
✓ Completed query 24
Processing query 25...
✓ Completed query 25
Processing query 26...
✓ Completed query 26
Processing query 27...
✓ Completed query 27
Processing query 28...
✓ Completed query 28
Processing query 29...
✓ Completed query 29
Processing query 30...
✓ Completed query 30
Processing query 31...
✓ Completed query 31
Processing query 32...
✓ Completed query 32
Processing query 33...
✓ Completed query 33
Processing query 34...
✓ Completed query 34
Processing query 35...
✓ Completed query 35
Processing query 36...
✓ Completed query 36
Processing query 37...
✓ Completed query 37
Processing query 38...
✓ Completed query 38
Processing query 39...
✓ Completed query 39
Processing query 40...
✓ Completed query 40
Processing query 41...
✓ Completed query 41
Processing query 42...
✓ Completed query 42
Processing query 43...
✓ Completed query 43
Processing query 44...
✓ Completed query 44
Processing query 45...
✓ Completed query 45
Processing query 46...
✓ Completed query 46
Processing query 47...
✓ Completed query 47
Processing query 48...
✓ Completed query 48
Processing query 49...
✓ Completed query 49

✓ Config completed successfully (50 outputs)

================================================================================
Running config: chunk128_k4_bm25
  Chunk size: 128
  Top-k: 4
  Retriever: bm25
================================================================================

Command: python main.py --task io --api together --hf_ckpt mistralai/Mixtral-8x7B-Instruct-v0.1 --is_chat_model true --io_input_path extensions/2_retriever_surgery/results/mixtral8x7b/prompts_50.json --io_output_root extensions/2_retriever_surgery/results/mixtral8x7b/outputs/chunk128_k4_bm25 --raw_data_dir raw_data/private/wiki_newest --datastore_root datastore --output_dir extensions/2_retriever_surgery/results/mixtral8x7b/outputs/chunk128_k4_bm25 --max_retrieval_seq_length 128 --k_for_ric 4 --index_name bm25 --together_ckpt mistralai/Mixtral-8x7B-Instruct-v0.1

==> Datastore exists at:  datastore/RIC_LM+wiki_newest+Mixtral-8x7B-Instruct-v0.1+128+128
Processing query 0...
✓ Completed query 0
Processing query 1...
✓ Completed query 1
Processing query 2...
✓ Completed query 2
Processing query 3...
✓ Completed query 3
Processing query 4...
✓ Completed query 4
Processing query 5...
✓ Completed query 5
Processing query 6...
✓ Completed query 6
Processing query 7...
✓ Completed query 7
Processing query 8...
✓ Completed query 8
Processing query 9...
✓ Completed query 9
Processing query 10...
✓ Completed query 10
Processing query 11...
✓ Completed query 11
Processing query 12...
✓ Completed query 12
Processing query 13...
✓ Completed query 13
Processing query 14...
✓ Completed query 14
Processing query 15...
✓ Completed query 15
Processing query 16...
✓ Completed query 16
Processing query 17...
✓ Completed query 17
Processing query 18...
✓ Completed query 18
Processing query 19...
✓ Completed query 19
Processing query 20...
✓ Completed query 20
Processing query 21...
✓ Completed query 21
Processing query 22...
✓ Completed query 22
Processing query 23...
✓ Completed query 23
Processing query 24...
✓ Completed query 24
Processing query 25...
✓ Completed query 25
Processing query 26...
✓ Completed query 26
Processing query 27...
✓ Completed query 27
Processing query 28...
✓ Completed query 28
Processing query 29...
✓ Completed query 29
Processing query 30...
✓ Completed query 30
Processing query 31...
✓ Completed query 31
Processing query 32...
✓ Completed query 32
Processing query 33...
✓ Completed query 33
Processing query 34...
✓ Completed query 34
Processing query 35...
✓ Completed query 35
Processing query 36...
✓ Completed query 36
Processing query 37...
✓ Completed query 37
Processing query 38...
✓ Completed query 38
Processing query 39...
✓ Completed query 39
Processing query 40...
✓ Completed query 40
Processing query 41...
✓ Completed query 41
Processing query 42...
✓ Completed query 42
Processing query 43...
✓ Completed query 43
Processing query 44...
✓ Completed query 44
Processing query 45...
✓ Completed query 45
Processing query 46...
✓ Completed query 46
Processing query 47...
✓ Completed query 47
Processing query 48...
✓ Completed query 48
Processing query 49...
✓ Completed query 49

✓ Config completed successfully (50 outputs)

================================================================================
Running config: chunk128_k4_dense
  Chunk size: 128
  Top-k: 4
  Retriever: dense
================================================================================

Command: python main.py --task io --api together --hf_ckpt mistralai/Mixtral-8x7B-Instruct-v0.1 --is_chat_model true --io_input_path extensions/2_retriever_surgery/results/mixtral8x7b/prompts_50.json --io_output_root extensions/2_retriever_surgery/results/mixtral8x7b/outputs/chunk128_k4_dense --raw_data_dir raw_data/private/wiki_newest --datastore_root datastore --output_dir extensions/2_retriever_surgery/results/mixtral8x7b/outputs/chunk128_k4_dense --max_retrieval_seq_length 128 --k_for_ric 4 --index_name dense --together_ckpt mistralai/Mixtral-8x7B-Instruct-v0.1 --dense_model sentence-transformers/all-mpnet-base-v2 --faiss_index_type Flat

==> Loading dense encoder: sentence-transformers/all-mpnet-base-v2
==> Loading existing dense index from datastore/RIC_LM+wiki_newest+Mixtral-8x7B-Instruct-v0.1+128+128
==> Loaded 19863 chunks and FAISS index with 19863 vectors
Processing query 0...
✓ Completed query 0
Processing query 1...
✓ Completed query 1
Processing query 2...
✓ Completed query 2
Processing query 3...
✓ Completed query 3
Processing query 4...
✓ Completed query 4
Processing query 5...
✓ Completed query 5
Processing query 6...
✓ Completed query 6
Processing query 7...
✓ Completed query 7
Processing query 8...
✓ Completed query 8
Processing query 9...
✓ Completed query 9
Processing query 10...
✓ Completed query 10
Processing query 11...
✓ Completed query 11
Processing query 12...
✓ Completed query 12
Processing query 13...
✓ Completed query 13
Processing query 14...
✓ Completed query 14
Processing query 15...
✓ Completed query 15
Processing query 16...
✓ Completed query 16
Processing query 17...
✓ Completed query 17
Processing query 18...
✓ Completed query 18
Processing query 19...
✓ Completed query 19
Processing query 20...
✓ Completed query 20
Processing query 21...
✓ Completed query 21
Processing query 22...
✓ Completed query 22
Processing query 23...
✓ Completed query 23
Processing query 24...
✓ Completed query 24
Processing query 25...
✓ Completed query 25
Processing query 26...
✓ Completed query 26
Processing query 27...
✓ Completed query 27
Processing query 28...
✓ Completed query 28
Processing query 29...
✓ Completed query 29
Processing query 30...
✓ Completed query 30
Processing query 31...
✓ Completed query 31
Processing query 32...
✓ Completed query 32
Processing query 33...
✓ Completed query 33
Processing query 34...
✓ Completed query 34
Processing query 35...
✓ Completed query 35
Processing query 36...
✓ Completed query 36
Processing query 37...
✓ Completed query 37
Processing query 38...
✓ Completed query 38
Processing query 39...
✓ Completed query 39
Processing query 40...
✓ Completed query 40
Processing query 41...
✓ Completed query 41
Processing query 42...
✓ Completed query 42
Processing query 43...
✓ Completed query 43
Processing query 44...
✓ Completed query 44
Processing query 45...
✓ Completed query 45
Processing query 46...
✓ Completed query 46
Processing query 47...
✓ Completed query 47
Processing query 48...
✓ Completed query 48
Processing query 49...
✓ Completed query 49

✓ Config completed successfully (50 outputs)

================================================================================
Running config: chunk128_k4_hybrid
  Chunk size: 128
  Top-k: 4
  Retriever: hybrid
================================================================================

Command: python main.py --task io --api together --hf_ckpt mistralai/Mixtral-8x7B-Instruct-v0.1 --is_chat_model true --io_input_path extensions/2_retriever_surgery/results/mixtral8x7b/prompts_50.json --io_output_root extensions/2_retriever_surgery/results/mixtral8x7b/outputs/chunk128_k4_hybrid --raw_data_dir raw_data/private/wiki_newest --datastore_root datastore --output_dir extensions/2_retriever_surgery/results/mixtral8x7b/outputs/chunk128_k4_hybrid --max_retrieval_seq_length 128 --k_for_ric 4 --index_name hybrid --together_ckpt mistralai/Mixtral-8x7B-Instruct-v0.1 --dense_model sentence-transformers/all-mpnet-base-v2 --faiss_index_type Flat --hybrid_alpha 0.5

==> Initializing hybrid index (BM25 + Dense)
==> Building BM25 component...
==> Datastore exists at:  datastore/RIC_LM+wiki_newest+Mixtral-8x7B-Instruct-v0.1+128+128/bm25
==> Building Dense component...
==> Loading dense encoder: sentence-transformers/all-mpnet-base-v2
==> Loading existing dense index from datastore/RIC_LM+wiki_newest+Mixtral-8x7B-Instruct-v0.1+128+128/dense
==> Loaded 19863 chunks and FAISS index with 19863 vectors
Processing query 0...
✓ Completed query 0
Processing query 1...
✓ Completed query 1
Processing query 2...
✓ Completed query 2
Processing query 3...
✓ Completed query 3
Processing query 4...
✓ Completed query 4
Processing query 5...
✓ Completed query 5
Processing query 6...
✓ Completed query 6
Processing query 7...
✓ Completed query 7
Processing query 8...
✓ Completed query 8
Processing query 9...
✓ Completed query 9
Processing query 10...
✓ Completed query 10
Processing query 11...
✓ Completed query 11
Processing query 12...
✓ Completed query 12
Processing query 13...
✓ Completed query 13
Processing query 14...
✓ Completed query 14
Processing query 15...
✓ Completed query 15
Processing query 16...
✓ Completed query 16
Processing query 17...
✓ Completed query 17
Processing query 18...
✓ Completed query 18
Processing query 19...
✓ Completed query 19
Processing query 20...
✓ Completed query 20
Processing query 21...
✓ Completed query 21
Processing query 22...
✓ Completed query 22
Processing query 23...
✓ Completed query 23
Processing query 24...
✓ Completed query 24
Processing query 25...
✓ Completed query 25
Processing query 26...
✓ Completed query 26
Processing query 27...
✓ Completed query 27
Processing query 28...
✓ Completed query 28
Processing query 29...
✓ Completed query 29
Processing query 30...
✓ Completed query 30
Processing query 31...
✓ Completed query 31
Processing query 32...
✓ Completed query 32
Processing query 33...
✓ Completed query 33
Processing query 34...
✓ Completed query 34
Processing query 35...
✓ Completed query 35
Processing query 36...
✓ Completed query 36
Processing query 37...
✓ Completed query 37
Processing query 38...
✓ Completed query 38
Processing query 39...
✓ Completed query 39
Processing query 40...
✓ Completed query 40
Processing query 41...
✓ Completed query 41
Processing query 42...
✓ Completed query 42
Processing query 43...
✓ Completed query 43
Processing query 44...
✓ Completed query 44
Processing query 45...
✓ Completed query 45
Processing query 46...
✓ Completed query 46
Processing query 47...
✓ Completed query 47
Processing query 48...
✓ Completed query 48
Processing query 49...
✓ Completed query 49

✓ Config completed successfully (50 outputs)

================================================================================
Running config: chunk128_k8_bm25
  Chunk size: 128
  Top-k: 8
  Retriever: bm25
================================================================================

Command: python main.py --task io --api together --hf_ckpt mistralai/Mixtral-8x7B-Instruct-v0.1 --is_chat_model true --io_input_path extensions/2_retriever_surgery/results/mixtral8x7b/prompts_50.json --io_output_root extensions/2_retriever_surgery/results/mixtral8x7b/outputs/chunk128_k8_bm25 --raw_data_dir raw_data/private/wiki_newest --datastore_root datastore --output_dir extensions/2_retriever_surgery/results/mixtral8x7b/outputs/chunk128_k8_bm25 --max_retrieval_seq_length 128 --k_for_ric 8 --index_name bm25 --together_ckpt mistralai/Mixtral-8x7B-Instruct-v0.1

==> Datastore exists at:  datastore/RIC_LM+wiki_newest+Mixtral-8x7B-Instruct-v0.1+128+128
Processing query 0...
✓ Completed query 0
Processing query 1...
✓ Completed query 1
Processing query 2...
✓ Completed query 2
Processing query 3...
✓ Completed query 3
Processing query 4...
✓ Completed query 4
Processing query 5...
✓ Completed query 5
Processing query 6...
✓ Completed query 6
Processing query 7...
✓ Completed query 7
Processing query 8...
✓ Completed query 8
Processing query 9...
✓ Completed query 9
Processing query 10...
✓ Completed query 10
Processing query 11...
✓ Completed query 11
Processing query 12...
✓ Completed query 12
Processing query 13...
✓ Completed query 13
Processing query 14...
✓ Completed query 14
Processing query 15...
✓ Completed query 15
Processing query 16...
✓ Completed query 16
Processing query 17...
✓ Completed query 17
Processing query 18...
✓ Completed query 18
Processing query 19...
✓ Completed query 19
Processing query 20...
✓ Completed query 20
Processing query 21...
✓ Completed query 21
Processing query 22...
✓ Completed query 22
Processing query 23...
✓ Completed query 23
Processing query 24...
✓ Completed query 24
Processing query 25...
✓ Completed query 25
Processing query 26...
✓ Completed query 26
Processing query 27...
✓ Completed query 27
Processing query 28...
✓ Completed query 28
Processing query 29...
✓ Completed query 29
Processing query 30...
✓ Completed query 30
Processing query 31...
✓ Completed query 31
Processing query 32...
✓ Completed query 32
Processing query 33...
✓ Completed query 33
Processing query 34...
✓ Completed query 34
Processing query 35...
✓ Completed query 35
Processing query 36...
✓ Completed query 36
Processing query 37...
✓ Completed query 37
Processing query 38...
✓ Completed query 38
Processing query 39...
✓ Completed query 39
Processing query 40...
✓ Completed query 40
Processing query 41...
✓ Completed query 41
Processing query 42...
✓ Completed query 42
Processing query 43...
✓ Completed query 43
Processing query 44...
✓ Completed query 44
Processing query 45...
✓ Completed query 45
Processing query 46...
✓ Completed query 46
Processing query 47...
✓ Completed query 47
Processing query 48...
✓ Completed query 48
Processing query 49...
✓ Completed query 49

✓ Config completed successfully (50 outputs)

================================================================================
Running config: chunk128_k8_dense
  Chunk size: 128
  Top-k: 8
  Retriever: dense
================================================================================

Command: python main.py --task io --api together --hf_ckpt mistralai/Mixtral-8x7B-Instruct-v0.1 --is_chat_model true --io_input_path extensions/2_retriever_surgery/results/mixtral8x7b/prompts_50.json --io_output_root extensions/2_retriever_surgery/results/mixtral8x7b/outputs/chunk128_k8_dense --raw_data_dir raw_data/private/wiki_newest --datastore_root datastore --output_dir extensions/2_retriever_surgery/results/mixtral8x7b/outputs/chunk128_k8_dense --max_retrieval_seq_length 128 --k_for_ric 8 --index_name dense --together_ckpt mistralai/Mixtral-8x7B-Instruct-v0.1 --dense_model sentence-transformers/all-mpnet-base-v2 --faiss_index_type Flat

==> Loading dense encoder: sentence-transformers/all-mpnet-base-v2
==> Loading existing dense index from datastore/RIC_LM+wiki_newest+Mixtral-8x7B-Instruct-v0.1+128+128
==> Loaded 19863 chunks and FAISS index with 19863 vectors
Processing query 0...
✓ Completed query 0
Processing query 1...
✓ Completed query 1
Processing query 2...
✓ Completed query 2
Processing query 3...
✓ Completed query 3
Processing query 4...
✓ Completed query 4
Processing query 5...
✓ Completed query 5
Processing query 6...
✓ Completed query 6
Processing query 7...
✓ Completed query 7
Processing query 8...
✓ Completed query 8
Processing query 9...
✓ Completed query 9
Processing query 10...
✓ Completed query 10
Processing query 11...
✓ Completed query 11
Processing query 12...
✓ Completed query 12
Processing query 13...
✓ Completed query 13
Processing query 14...
✓ Completed query 14
Processing query 15...
✓ Completed query 15
Processing query 16...
✓ Completed query 16
Processing query 17...
✓ Completed query 17
Processing query 18...
✓ Completed query 18
Processing query 19...
✓ Completed query 19
Processing query 20...
✓ Completed query 20
Processing query 21...
✓ Completed query 21
Processing query 22...
✓ Completed query 22
Processing query 23...
✓ Completed query 23
Processing query 24...
✓ Completed query 24
Processing query 25...
✓ Completed query 25
Processing query 26...
✓ Completed query 26
Processing query 27...
✓ Completed query 27
Processing query 28...
✓ Completed query 28
Processing query 29...
✓ Completed query 29
Processing query 30...
✓ Completed query 30
Processing query 31...
✓ Completed query 31
Processing query 32...
✓ Completed query 32
Processing query 33...
✓ Completed query 33
Processing query 34...
✓ Completed query 34
Processing query 35...
✓ Completed query 35
Processing query 36...
✓ Completed query 36
Processing query 37...
✓ Completed query 37
Processing query 38...
✓ Completed query 38
Processing query 39...
✓ Completed query 39
Processing query 40...
✓ Completed query 40
Processing query 41...
✓ Completed query 41
Processing query 42...
✓ Completed query 42
Processing query 43...
✓ Completed query 43
Processing query 44...
✓ Completed query 44
Processing query 45...
✓ Completed query 45
Processing query 46...
✓ Completed query 46
Processing query 47...
✓ Completed query 47
Processing query 48...
✓ Completed query 48
Processing query 49...
✓ Completed query 49

✓ Config completed successfully (50 outputs)

================================================================================
Running config: chunk128_k8_hybrid
  Chunk size: 128
  Top-k: 8
  Retriever: hybrid
================================================================================

Command: python main.py --task io --api together --hf_ckpt mistralai/Mixtral-8x7B-Instruct-v0.1 --is_chat_model true --io_input_path extensions/2_retriever_surgery/results/mixtral8x7b/prompts_50.json --io_output_root extensions/2_retriever_surgery/results/mixtral8x7b/outputs/chunk128_k8_hybrid --raw_data_dir raw_data/private/wiki_newest --datastore_root datastore --output_dir extensions/2_retriever_surgery/results/mixtral8x7b/outputs/chunk128_k8_hybrid --max_retrieval_seq_length 128 --k_for_ric 8 --index_name hybrid --together_ckpt mistralai/Mixtral-8x7B-Instruct-v0.1 --dense_model sentence-transformers/all-mpnet-base-v2 --faiss_index_type Flat --hybrid_alpha 0.5

==> Initializing hybrid index (BM25 + Dense)
==> Building BM25 component...
==> Datastore exists at:  datastore/RIC_LM+wiki_newest+Mixtral-8x7B-Instruct-v0.1+128+128/bm25
==> Building Dense component...
==> Loading dense encoder: sentence-transformers/all-mpnet-base-v2
==> Loading existing dense index from datastore/RIC_LM+wiki_newest+Mixtral-8x7B-Instruct-v0.1+128+128/dense
==> Loaded 19863 chunks and FAISS index with 19863 vectors
Processing query 0...
✓ Completed query 0
Processing query 1...
✓ Completed query 1
Processing query 2...
✓ Completed query 2
Processing query 3...
✓ Completed query 3
Processing query 4...
✓ Completed query 4
Processing query 5...
✓ Completed query 5
Processing query 6...
✓ Completed query 6
Processing query 7...
✓ Completed query 7
Processing query 8...
✓ Completed query 8
Processing query 9...
✓ Completed query 9
Processing query 10...
✓ Completed query 10
Processing query 11...
✓ Completed query 11
Processing query 12...
✓ Completed query 12
Processing query 13...
✓ Completed query 13
Processing query 14...
✓ Completed query 14
Processing query 15...
✓ Completed query 15
Processing query 16...
✓ Completed query 16
Processing query 17...
✓ Completed query 17
Processing query 18...
✓ Completed query 18
Processing query 19...
✓ Completed query 19
Processing query 20...
✓ Completed query 20
Processing query 21...
✓ Completed query 21
Processing query 22...
✓ Completed query 22
Processing query 23...
✓ Completed query 23
Processing query 24...
✓ Completed query 24
Processing query 25...
✓ Completed query 25
Processing query 26...
✓ Completed query 26
Processing query 27...
✓ Completed query 27
Processing query 28...
✓ Completed query 28
Processing query 29...
✓ Completed query 29
Processing query 30...
✓ Completed query 30
Processing query 31...
✓ Completed query 31
Processing query 32...
✓ Completed query 32
Processing query 33...
✓ Completed query 33
Processing query 34...
✓ Completed query 34
Processing query 35...
✓ Completed query 35
Processing query 36...
✓ Completed query 36
Processing query 37...
✓ Completed query 37
Processing query 38...
✓ Completed query 38
Processing query 39...
✓ Completed query 39
Processing query 40...
✓ Completed query 40
Processing query 41...
✓ Completed query 41
Processing query 42...
✓ Completed query 42
Processing query 43...
✓ Completed query 43
Processing query 44...
✓ Completed query 44
Processing query 45...
✓ Completed query 45
Processing query 46...
✓ Completed query 46
Processing query 47...
✓ Completed query 47
Processing query 48...
✓ Completed query 48
Processing query 49...
✓ Completed query 49

✓ Config completed successfully (50 outputs)

================================================================================
Running config: chunk256_k2_bm25
  Chunk size: 256
  Top-k: 2
  Retriever: bm25
================================================================================

Command: python main.py --task io --api together --hf_ckpt mistralai/Mixtral-8x7B-Instruct-v0.1 --is_chat_model true --io_input_path extensions/2_retriever_surgery/results/mixtral8x7b/prompts_50.json --io_output_root extensions/2_retriever_surgery/results/mixtral8x7b/outputs/chunk256_k2_bm25 --raw_data_dir raw_data/private/wiki_newest --datastore_root datastore --output_dir extensions/2_retriever_surgery/results/mixtral8x7b/outputs/chunk256_k2_bm25 --max_retrieval_seq_length 256 --k_for_ric 2 --index_name bm25 --together_ckpt mistralai/Mixtral-8x7B-Instruct-v0.1

==> Datastore exists at:  datastore/RIC_LM+wiki_newest+Mixtral-8x7B-Instruct-v0.1+256+128
Processing query 0...
✓ Completed query 0
Processing query 1...
✓ Completed query 1
Processing query 2...
✓ Completed query 2
Processing query 3...
✓ Completed query 3
Processing query 4...
✓ Completed query 4
Processing query 5...
✓ Completed query 5
Processing query 6...
✓ Completed query 6
Processing query 7...
✓ Completed query 7
Processing query 8...
✓ Completed query 8
Processing query 9...
✓ Completed query 9
Processing query 10...
✓ Completed query 10
Processing query 11...
✓ Completed query 11
Processing query 12...
✓ Completed query 12
Processing query 13...
✓ Completed query 13
Processing query 14...
✓ Completed query 14
Processing query 15...
✓ Completed query 15
Processing query 16...
✓ Completed query 16
Processing query 17...
✓ Completed query 17
Processing query 18...
✓ Completed query 18
Processing query 19...
✓ Completed query 19
Processing query 20...
✓ Completed query 20
Processing query 21...
✓ Completed query 21
Processing query 22...
✓ Completed query 22
Processing query 23...
✓ Completed query 23
Processing query 24...
✓ Completed query 24
Processing query 25...
✓ Completed query 25
Processing query 26...
✓ Completed query 26
Processing query 27...
✓ Completed query 27
Processing query 28...
✓ Completed query 28
Processing query 29...
✓ Completed query 29
Processing query 30...
✓ Completed query 30
Processing query 31...
✓ Completed query 31
Processing query 32...
✓ Completed query 32
Processing query 33...
✓ Completed query 33
Processing query 34...
✓ Completed query 34
Processing query 35...
✓ Completed query 35
Processing query 36...
✓ Completed query 36
Processing query 37...
✓ Completed query 37
Processing query 38...
✓ Completed query 38
Processing query 39...
✓ Completed query 39
Processing query 40...
✓ Completed query 40
Processing query 41...
✓ Completed query 41
Processing query 42...
✓ Completed query 42
Processing query 43...
✓ Completed query 43
Processing query 44...
✓ Completed query 44
Processing query 45...
✓ Completed query 45
Processing query 46...
✓ Completed query 46
Processing query 47...
✓ Completed query 47
Processing query 48...
✓ Completed query 48
Processing query 49...
✓ Completed query 49

✓ Config completed successfully (50 outputs)

================================================================================
Running config: chunk256_k2_dense
  Chunk size: 256
  Top-k: 2
  Retriever: dense
================================================================================

Command: python main.py --task io --api together --hf_ckpt mistralai/Mixtral-8x7B-Instruct-v0.1 --is_chat_model true --io_input_path extensions/2_retriever_surgery/results/mixtral8x7b/prompts_50.json --io_output_root extensions/2_retriever_surgery/results/mixtral8x7b/outputs/chunk256_k2_dense --raw_data_dir raw_data/private/wiki_newest --datastore_root datastore --output_dir extensions/2_retriever_surgery/results/mixtral8x7b/outputs/chunk256_k2_dense --max_retrieval_seq_length 256 --k_for_ric 2 --index_name dense --together_ckpt mistralai/Mixtral-8x7B-Instruct-v0.1 --dense_model sentence-transformers/all-mpnet-base-v2 --faiss_index_type Flat

==> Loading dense encoder: sentence-transformers/all-mpnet-base-v2
==> Building dense index at datastore/RIC_LM+wiki_newest+Mixtral-8x7B-Instruct-v0.1+256+128
==> Reading and tokenizing raw data...
==> Number of tokens: 2542391.
==> Making chunks...
==> 19863 chunks in total.
==> 19863 non-empty chunks.
==> Encoding chunks with dense model...
==> Embeddings shape: (19863, 768)
==> Building FAISS index (Flat)...
==> FAISS index saved to datastore/RIC_LM+wiki_newest+Mixtral-8x7B-Instruct-v0.1+256+128/dense.index
Processing query 0...
✓ Completed query 0
Processing query 1...
✓ Completed query 1
Processing query 2...
✓ Completed query 2
Processing query 3...
✓ Completed query 3
Processing query 4...
✓ Completed query 4
Processing query 5...
✓ Completed query 5
Processing query 6...
✓ Completed query 6
Processing query 7...
✓ Completed query 7
Processing query 8...
✓ Completed query 8
Processing query 9...
✓ Completed query 9
Processing query 10...
✓ Completed query 10
Processing query 11...
✓ Completed query 11
Processing query 12...
✓ Completed query 12
Processing query 13...
✓ Completed query 13
Processing query 14...
✓ Completed query 14
Processing query 15...
✓ Completed query 15
Processing query 16...
✓ Completed query 16
Processing query 17...
✓ Completed query 17
Processing query 18...
✓ Completed query 18
Processing query 19...
✓ Completed query 19
Processing query 20...
✓ Completed query 20
Processing query 21...
✓ Completed query 21
Processing query 22...
✓ Completed query 22
Processing query 23...
✓ Completed query 23
Processing query 24...
✓ Completed query 24
Processing query 25...
✓ Completed query 25
Processing query 26...
✓ Completed query 26
Processing query 27...
✓ Completed query 27
Processing query 28...
✓ Completed query 28
Processing query 29...
✓ Completed query 29
Processing query 30...
✓ Completed query 30
Processing query 31...
✓ Completed query 31
Processing query 32...
✓ Completed query 32
Processing query 33...
✓ Completed query 33
Processing query 34...
✓ Completed query 34
Processing query 35...
✓ Completed query 35
Processing query 36...
✓ Completed query 36
Processing query 37...
✓ Completed query 37
Processing query 38...
✓ Completed query 38
Processing query 39...
✓ Completed query 39
Processing query 40...
✓ Completed query 40
Processing query 41...
✓ Completed query 41
Processing query 42...
✓ Completed query 42
Processing query 43...
✓ Completed query 43
Processing query 44...
✓ Completed query 44
Processing query 45...
✓ Completed query 45
Processing query 46...
✓ Completed query 46
Processing query 47...
✓ Completed query 47
Processing query 48...
✓ Completed query 48
Processing query 49...
✓ Completed query 49

✓ Config completed successfully (50 outputs)

================================================================================
Running config: chunk256_k2_hybrid
  Chunk size: 256
  Top-k: 2
  Retriever: hybrid
================================================================================

Command: python main.py --task io --api together --hf_ckpt mistralai/Mixtral-8x7B-Instruct-v0.1 --is_chat_model true --io_input_path extensions/2_retriever_surgery/results/mixtral8x7b/prompts_50.json --io_output_root extensions/2_retriever_surgery/results/mixtral8x7b/outputs/chunk256_k2_hybrid --raw_data_dir raw_data/private/wiki_newest --datastore_root datastore --output_dir extensions/2_retriever_surgery/results/mixtral8x7b/outputs/chunk256_k2_hybrid --max_retrieval_seq_length 256 --k_for_ric 2 --index_name hybrid --together_ckpt mistralai/Mixtral-8x7B-Instruct-v0.1 --dense_model sentence-transformers/all-mpnet-base-v2 --faiss_index_type Flat --hybrid_alpha 0.5

==> Initializing hybrid index (BM25 + Dense)
==> Building BM25 component...
==> Reading and tokenizing raw data...
WARNING: sun.reflect.Reflection.getCallerClass is not supported. This will impact performance.
2025-11-02 14:13:35,166 INFO  [main] index.IndexCollection (IndexCollection.java:380) - Setting log level to INFO
2025-11-02 14:13:35,167 INFO  [main] index.IndexCollection (IndexCollection.java:383) - Starting indexer...
2025-11-02 14:13:35,167 INFO  [main] index.IndexCollection (IndexCollection.java:384) - ============ Loading Parameters ============
2025-11-02 14:13:35,167 INFO  [main] index.IndexCollection (IndexCollection.java:385) - DocumentCollection path: datastore/RIC_LM+wiki_newest+Mixtral-8x7B-Instruct-v0.1+256+128/bm25/tokens
2025-11-02 14:13:35,167 INFO  [main] index.IndexCollection (IndexCollection.java:386) - CollectionClass: JsonCollection
2025-11-02 14:13:35,167 INFO  [main] index.IndexCollection (IndexCollection.java:387) - Generator: DefaultLuceneDocumentGenerator
2025-11-02 14:13:35,167 INFO  [main] index.IndexCollection (IndexCollection.java:388) - Threads: 1
2025-11-02 14:13:35,168 INFO  [main] index.IndexCollection (IndexCollection.java:389) - Language: en
2025-11-02 14:13:35,168 INFO  [main] index.IndexCollection (IndexCollection.java:390) - Stemmer: porter
2025-11-02 14:13:35,168 INFO  [main] index.IndexCollection (IndexCollection.java:391) - Keep stopwords? false
2025-11-02 14:13:35,168 INFO  [main] index.IndexCollection (IndexCollection.java:392) - Stopwords: null
2025-11-02 14:13:35,168 INFO  [main] index.IndexCollection (IndexCollection.java:393) - Store positions? false
2025-11-02 14:13:35,168 INFO  [main] index.IndexCollection (IndexCollection.java:394) - Store docvectors? false
2025-11-02 14:13:35,168 INFO  [main] index.IndexCollection (IndexCollection.java:395) - Store document "contents" field? false
2025-11-02 14:13:35,168 INFO  [main] index.IndexCollection (IndexCollection.java:396) - Store document "raw" field? true
2025-11-02 14:13:35,168 INFO  [main] index.IndexCollection (IndexCollection.java:397) - Additional fields to index: []
2025-11-02 14:13:35,169 INFO  [main] index.IndexCollection (IndexCollection.java:398) - Optimize (merge segments)? false
2025-11-02 14:13:35,169 INFO  [main] index.IndexCollection (IndexCollection.java:399) - Whitelist: null
2025-11-02 14:13:35,169 INFO  [main] index.IndexCollection (IndexCollection.java:400) - Pretokenized?: false
2025-11-02 14:13:35,169 INFO  [main] index.IndexCollection (IndexCollection.java:401) - Index path: datastore/RIC_LM+wiki_newest+Mixtral-8x7B-Instruct-v0.1+256+128/bm25
2025-11-02 14:13:35,170 INFO  [main] index.IndexCollection (IndexCollection.java:481) - ============ Indexing Collection ============
2025-11-02 14:13:35,176 INFO  [main] index.IndexCollection (IndexCollection.java:468) - Using DefaultEnglishAnalyzer
2025-11-02 14:13:35,176 INFO  [main] index.IndexCollection (IndexCollection.java:469) - Stemmer: porter
2025-11-02 14:13:35,176 INFO  [main] index.IndexCollection (IndexCollection.java:470) - Keep stopwords? false
2025-11-02 14:13:35,176 INFO  [main] index.IndexCollection (IndexCollection.java:471) - Stopwords file: null
2025-11-02 14:13:35,240 INFO  [main] index.IndexCollection (IndexCollection.java:510) - Thread pool with 1 threads initialized.
2025-11-02 14:13:35,240 INFO  [main] index.IndexCollection (IndexCollection.java:512) - Initializing collection in datastore/RIC_LM+wiki_newest+Mixtral-8x7B-Instruct-v0.1+256+128/bm25/tokens
2025-11-02 14:13:35,241 INFO  [main] index.IndexCollection (IndexCollection.java:521) - 1 file found
2025-11-02 14:13:35,241 INFO  [main] index.IndexCollection (IndexCollection.java:522) - Starting to index...
2025-11-02 14:13:37,229 DEBUG [pool-2-thread-1] index.IndexCollection$LocalIndexerThread (IndexCollection.java:345) - tokens/data.jsonl: 19863 docs added.
2025-11-02 14:13:37,500 INFO  [main] index.IndexCollection (IndexCollection.java:578) - Indexing Complete! 19,863 documents indexed
2025-11-02 14:13:37,500 INFO  [main] index.IndexCollection (IndexCollection.java:579) - ============ Final Counter Values ============
2025-11-02 14:13:37,500 INFO  [main] index.IndexCollection (IndexCollection.java:580) - indexed:           19,863
2025-11-02 14:13:37,500 INFO  [main] index.IndexCollection (IndexCollection.java:581) - unindexable:            0
2025-11-02 14:13:37,500 INFO  [main] index.IndexCollection (IndexCollection.java:582) - empty:                  0
2025-11-02 14:13:37,500 INFO  [main] index.IndexCollection (IndexCollection.java:583) - skipped:                0
2025-11-02 14:13:37,500 INFO  [main] index.IndexCollection (IndexCollection.java:584) - errors:                 0
2025-11-02 14:13:37,503 INFO  [main] index.IndexCollection (IndexCollection.java:587) - Total 19,863 documents indexed in 00:00:02
==> Number of tokens: 2542391.
==> Making chunks...
==> 19863 chunks in total.
==> Start building index for datastore/RIC_LM+wiki_newest+Mixtral-8x7B-Instruct-v0.1+256+128/bm25/tokens at datastore/RIC_LM+wiki_newest+Mixtral-8x7B-Instruct-v0.1+256+128/bm25
Successfully built the index
==> Building Dense component...
==> Loading dense encoder: sentence-transformers/all-mpnet-base-v2
==> Building dense index at datastore/RIC_LM+wiki_newest+Mixtral-8x7B-Instruct-v0.1+256+128/dense
==> Reading and tokenizing raw data...
==> Number of tokens: 2542391.
==> Making chunks...
==> 19863 chunks in total.
==> 19863 non-empty chunks.
==> Encoding chunks with dense model...
==> Embeddings shape: (19863, 768)
==> Building FAISS index (Flat)...
==> FAISS index saved to datastore/RIC_LM+wiki_newest+Mixtral-8x7B-Instruct-v0.1+256+128/dense/dense.index
Processing query 0...
✓ Completed query 0
Processing query 1...
✓ Completed query 1
Processing query 2...
✓ Completed query 2
Processing query 3...
✓ Completed query 3
Processing query 4...
✓ Completed query 4
Processing query 5...
✓ Completed query 5
Processing query 6...
✓ Completed query 6
Processing query 7...
✓ Completed query 7
Processing query 8...
✓ Completed query 8
Processing query 9...
✓ Completed query 9
Processing query 10...
✓ Completed query 10
Processing query 11...
✓ Completed query 11
Processing query 12...
✓ Completed query 12
Processing query 13...
✓ Completed query 13
Processing query 14...
✓ Completed query 14
Processing query 15...
✓ Completed query 15
Processing query 16...
✓ Completed query 16
Processing query 17...
✓ Completed query 17
Processing query 18...
✓ Completed query 18
Processing query 19...
✓ Completed query 19
Processing query 20...
✓ Completed query 20
Processing query 21...
✓ Completed query 21
Processing query 22...
✓ Completed query 22
Processing query 23...
✓ Completed query 23
Processing query 24...
✓ Completed query 24
Processing query 25...
✓ Completed query 25
Processing query 26...
✓ Completed query 26
Processing query 27...
✓ Completed query 27
Processing query 28...
✓ Completed query 28
Processing query 29...
✓ Completed query 29
Processing query 30...
✓ Completed query 30
Processing query 31...
✓ Completed query 31
Processing query 32...
✓ Completed query 32
Processing query 33...
✓ Completed query 33
Processing query 34...
✓ Completed query 34
Processing query 35...
✓ Completed query 35
Processing query 36...
✓ Completed query 36
Processing query 37...
✓ Completed query 37
Processing query 38...
✓ Completed query 38
Processing query 39...
✓ Completed query 39
Processing query 40...
✓ Completed query 40
Processing query 41...
✓ Completed query 41
Processing query 42...
✓ Completed query 42
Processing query 43...
✓ Completed query 43
Processing query 44...
✓ Completed query 44
Processing query 45...
✓ Completed query 45
Processing query 46...
✓ Completed query 46
Processing query 47...
✓ Completed query 47
Processing query 48...
✓ Completed query 48
Processing query 49...
✓ Completed query 49

✓ Config completed successfully (50 outputs)

================================================================================
Running config: chunk256_k4_bm25
  Chunk size: 256
  Top-k: 4
  Retriever: bm25
================================================================================

Command: python main.py --task io --api together --hf_ckpt mistralai/Mixtral-8x7B-Instruct-v0.1 --is_chat_model true --io_input_path extensions/2_retriever_surgery/results/mixtral8x7b/prompts_50.json --io_output_root extensions/2_retriever_surgery/results/mixtral8x7b/outputs/chunk256_k4_bm25 --raw_data_dir raw_data/private/wiki_newest --datastore_root datastore --output_dir extensions/2_retriever_surgery/results/mixtral8x7b/outputs/chunk256_k4_bm25 --max_retrieval_seq_length 256 --k_for_ric 4 --index_name bm25 --together_ckpt mistralai/Mixtral-8x7B-Instruct-v0.1

==> Datastore exists at:  datastore/RIC_LM+wiki_newest+Mixtral-8x7B-Instruct-v0.1+256+128
Processing query 0...
✓ Completed query 0
Processing query 1...
✓ Completed query 1
Processing query 2...
✓ Completed query 2
Processing query 3...
✓ Completed query 3
Processing query 4...
✓ Completed query 4
Processing query 5...
✓ Completed query 5
Processing query 6...
✓ Completed query 6
Processing query 7...
✓ Completed query 7
Processing query 8...
✓ Completed query 8
Processing query 9...
✓ Completed query 9
Processing query 10...
✓ Completed query 10
Processing query 11...
✓ Completed query 11
Processing query 12...
✓ Completed query 12
Processing query 13...
✓ Completed query 13
Processing query 14...
✓ Completed query 14
Processing query 15...
✓ Completed query 15
Processing query 16...
✓ Completed query 16
Processing query 17...
✓ Completed query 17
Processing query 18...
✓ Completed query 18
Processing query 19...
✓ Completed query 19
Processing query 20...
✓ Completed query 20
Processing query 21...
✓ Completed query 21
Processing query 22...
✓ Completed query 22
Processing query 23...
✓ Completed query 23
Processing query 24...
✓ Completed query 24
Processing query 25...
✓ Completed query 25
Processing query 26...
✓ Completed query 26
Processing query 27...
✓ Completed query 27
Processing query 28...
✓ Completed query 28
Processing query 29...
✓ Completed query 29
Processing query 30...
✓ Completed query 30
Processing query 31...
✓ Completed query 31
Processing query 32...
✓ Completed query 32
Processing query 33...
✓ Completed query 33
Processing query 34...
✓ Completed query 34
Processing query 35...
✓ Completed query 35
Processing query 36...
✓ Completed query 36
Processing query 37...
✓ Completed query 37
Processing query 38...
✓ Completed query 38
Processing query 39...
✓ Completed query 39
Processing query 40...
✓ Completed query 40
Processing query 41...
✓ Completed query 41
Processing query 42...
✓ Completed query 42
Processing query 43...
✓ Completed query 43
Processing query 44...
✓ Completed query 44
Processing query 45...
✓ Completed query 45
Processing query 46...
✓ Completed query 46
Processing query 47...
✓ Completed query 47
Processing query 48...
✓ Completed query 48
Processing query 49...
✓ Completed query 49

✓ Config completed successfully (50 outputs)

================================================================================
Running config: chunk256_k4_dense
  Chunk size: 256
  Top-k: 4
  Retriever: dense
================================================================================

Command: python main.py --task io --api together --hf_ckpt mistralai/Mixtral-8x7B-Instruct-v0.1 --is_chat_model true --io_input_path extensions/2_retriever_surgery/results/mixtral8x7b/prompts_50.json --io_output_root extensions/2_retriever_surgery/results/mixtral8x7b/outputs/chunk256_k4_dense --raw_data_dir raw_data/private/wiki_newest --datastore_root datastore --output_dir extensions/2_retriever_surgery/results/mixtral8x7b/outputs/chunk256_k4_dense --max_retrieval_seq_length 256 --k_for_ric 4 --index_name dense --together_ckpt mistralai/Mixtral-8x7B-Instruct-v0.1 --dense_model sentence-transformers/all-mpnet-base-v2 --faiss_index_type Flat

==> Loading dense encoder: sentence-transformers/all-mpnet-base-v2
==> Loading existing dense index from datastore/RIC_LM+wiki_newest+Mixtral-8x7B-Instruct-v0.1+256+128
==> Loaded 19863 chunks and FAISS index with 19863 vectors
Processing query 0...
✓ Completed query 0
Processing query 1...
✓ Completed query 1
Processing query 2...
✓ Completed query 2
Processing query 3...
✓ Completed query 3
Processing query 4...
✓ Completed query 4
Processing query 5...
✓ Completed query 5
Processing query 6...
✓ Completed query 6
Processing query 7...
✓ Completed query 7
Processing query 8...
✓ Completed query 8
Processing query 9...
✓ Completed query 9
Processing query 10...
✓ Completed query 10
Processing query 11...
✓ Completed query 11
Processing query 12...
✓ Completed query 12
Processing query 13...
✓ Completed query 13
Processing query 14...
✓ Completed query 14
Processing query 15...
✓ Completed query 15
Processing query 16...
✓ Completed query 16
Processing query 17...
✓ Completed query 17
Processing query 18...
✓ Completed query 18
Processing query 19...
✓ Completed query 19
Processing query 20...
✓ Completed query 20
Processing query 21...
✓ Completed query 21
Processing query 22...
✓ Completed query 22
Processing query 23...
✓ Completed query 23
Processing query 24...
✓ Completed query 24
Processing query 25...
✓ Completed query 25
Processing query 26...
✓ Completed query 26
Processing query 27...
✓ Completed query 27
Processing query 28...
✓ Completed query 28
Processing query 29...
✓ Completed query 29
Processing query 30...
✓ Completed query 30
Processing query 31...
✓ Completed query 31
Processing query 32...
✓ Completed query 32
Processing query 33...
✓ Completed query 33
Processing query 34...
✓ Completed query 34
Processing query 35...
✓ Completed query 35
Processing query 36...
✓ Completed query 36
Processing query 37...
✓ Completed query 37
Processing query 38...
✓ Completed query 38
Processing query 39...
✓ Completed query 39
Processing query 40...
✓ Completed query 40
Processing query 41...
✓ Completed query 41
Processing query 42...
✓ Completed query 42
Processing query 43...
✓ Completed query 43
Processing query 44...
✓ Completed query 44
Processing query 45...
✓ Completed query 45
Processing query 46...
✓ Completed query 46
Processing query 47...
✓ Completed query 47
Processing query 48...
✓ Completed query 48
Processing query 49...
✓ Completed query 49

✓ Config completed successfully (50 outputs)

================================================================================
Running config: chunk256_k4_hybrid
  Chunk size: 256
  Top-k: 4
  Retriever: hybrid
================================================================================

Command: python main.py --task io --api together --hf_ckpt mistralai/Mixtral-8x7B-Instruct-v0.1 --is_chat_model true --io_input_path extensions/2_retriever_surgery/results/mixtral8x7b/prompts_50.json --io_output_root extensions/2_retriever_surgery/results/mixtral8x7b/outputs/chunk256_k4_hybrid --raw_data_dir raw_data/private/wiki_newest --datastore_root datastore --output_dir extensions/2_retriever_surgery/results/mixtral8x7b/outputs/chunk256_k4_hybrid --max_retrieval_seq_length 256 --k_for_ric 4 --index_name hybrid --together_ckpt mistralai/Mixtral-8x7B-Instruct-v0.1 --dense_model sentence-transformers/all-mpnet-base-v2 --faiss_index_type Flat --hybrid_alpha 0.5

==> Initializing hybrid index (BM25 + Dense)
==> Building BM25 component...
==> Datastore exists at:  datastore/RIC_LM+wiki_newest+Mixtral-8x7B-Instruct-v0.1+256+128/bm25
==> Building Dense component...
==> Loading dense encoder: sentence-transformers/all-mpnet-base-v2
==> Loading existing dense index from datastore/RIC_LM+wiki_newest+Mixtral-8x7B-Instruct-v0.1+256+128/dense
==> Loaded 19863 chunks and FAISS index with 19863 vectors
Processing query 0...
✓ Completed query 0
Processing query 1...
✓ Completed query 1
Processing query 2...
✓ Completed query 2
Processing query 3...
✓ Completed query 3
Processing query 4...
✓ Completed query 4
Processing query 5...
✓ Completed query 5
Processing query 6...
✓ Completed query 6
Processing query 7...
✓ Completed query 7
Processing query 8...
✓ Completed query 8
Processing query 9...
✓ Completed query 9
Processing query 10...
✓ Completed query 10
Processing query 11...
✓ Completed query 11
Processing query 12...
✓ Completed query 12
Processing query 13...
✓ Completed query 13
Processing query 14...
✓ Completed query 14
Processing query 15...
✓ Completed query 15
Processing query 16...
✓ Completed query 16
Processing query 17...
✓ Completed query 17
Processing query 18...
✓ Completed query 18
Processing query 19...
✓ Completed query 19
Processing query 20...
✓ Completed query 20
Processing query 21...
✓ Completed query 21
Processing query 22...
✓ Completed query 22
Processing query 23...
✓ Completed query 23
Processing query 24...
✓ Completed query 24
Processing query 25...
✓ Completed query 25
Processing query 26...
✓ Completed query 26
Processing query 27...
✓ Completed query 27
Processing query 28...
✓ Completed query 28
Processing query 29...
✓ Completed query 29
Processing query 30...
✓ Completed query 30
Processing query 31...
✓ Completed query 31
Processing query 32...
✓ Completed query 32
Processing query 33...
✓ Completed query 33
Processing query 34...
✓ Completed query 34
Processing query 35...
✓ Completed query 35
Processing query 36...
✓ Completed query 36
Processing query 37...
✓ Completed query 37
Processing query 38...
✓ Completed query 38
Processing query 39...
✓ Completed query 39
Processing query 40...
✓ Completed query 40
Processing query 41...
✓ Completed query 41
Processing query 42...
✓ Completed query 42
Processing query 43...
✓ Completed query 43
Processing query 44...
✓ Completed query 44
Processing query 45...
✓ Completed query 45
Processing query 46...
✓ Completed query 46
Processing query 47...
✓ Completed query 47
Processing query 48...
✓ Completed query 48
Processing query 49...
✓ Completed query 49

✓ Config completed successfully (50 outputs)

================================================================================
Running config: chunk256_k8_bm25
  Chunk size: 256
  Top-k: 8
  Retriever: bm25
================================================================================

Command: python main.py --task io --api together --hf_ckpt mistralai/Mixtral-8x7B-Instruct-v0.1 --is_chat_model true --io_input_path extensions/2_retriever_surgery/results/mixtral8x7b/prompts_50.json --io_output_root extensions/2_retriever_surgery/results/mixtral8x7b/outputs/chunk256_k8_bm25 --raw_data_dir raw_data/private/wiki_newest --datastore_root datastore --output_dir extensions/2_retriever_surgery/results/mixtral8x7b/outputs/chunk256_k8_bm25 --max_retrieval_seq_length 256 --k_for_ric 8 --index_name bm25 --together_ckpt mistralai/Mixtral-8x7B-Instruct-v0.1

==> Datastore exists at:  datastore/RIC_LM+wiki_newest+Mixtral-8x7B-Instruct-v0.1+256+128
Processing query 0...
✓ Completed query 0
Processing query 1...
✓ Completed query 1
Processing query 2...
✓ Completed query 2
Processing query 3...
✓ Completed query 3
Processing query 4...
✓ Completed query 4
Processing query 5...
✓ Completed query 5
Processing query 6...
✓ Completed query 6
Processing query 7...
✓ Completed query 7
Processing query 8...
✓ Completed query 8
Processing query 9...
✓ Completed query 9
Processing query 10...
✓ Completed query 10
Processing query 11...
✓ Completed query 11
Processing query 12...
✓ Completed query 12
Processing query 13...
✓ Completed query 13
Processing query 14...
✓ Completed query 14
Processing query 15...
✓ Completed query 15
Processing query 16...
✓ Completed query 16
Processing query 17...
✓ Completed query 17
Processing query 18...
✓ Completed query 18
Processing query 19...
✓ Completed query 19
Processing query 20...
✓ Completed query 20
Processing query 21...
✓ Completed query 21
Processing query 22...
✓ Completed query 22
Processing query 23...
✓ Completed query 23
Processing query 24...
✓ Completed query 24
Processing query 25...
✓ Completed query 25
Processing query 26...
✓ Completed query 26
Processing query 27...
✓ Completed query 27
Processing query 28...
✓ Completed query 28
Processing query 29...
✓ Completed query 29
Processing query 30...
✓ Completed query 30
Processing query 31...
✓ Completed query 31
Processing query 32...
✓ Completed query 32
Processing query 33...
✓ Completed query 33
Processing query 34...
✓ Completed query 34
Processing query 35...
✓ Completed query 35
Processing query 36...
✓ Completed query 36
Processing query 37...
✓ Completed query 37
Processing query 38...
✓ Completed query 38
Processing query 39...
✓ Completed query 39
Processing query 40...
✓ Completed query 40
Processing query 41...
✓ Completed query 41
Processing query 42...
✓ Completed query 42
Processing query 43...
✓ Completed query 43
Processing query 44...
✓ Completed query 44
Processing query 45...
✓ Completed query 45
Processing query 46...
✓ Completed query 46
Processing query 47...
✓ Completed query 47
Processing query 48...
✓ Completed query 48
Processing query 49...
✓ Completed query 49

✓ Config completed successfully (50 outputs)

================================================================================
Running config: chunk256_k8_dense
  Chunk size: 256
  Top-k: 8
  Retriever: dense
================================================================================

Command: python main.py --task io --api together --hf_ckpt mistralai/Mixtral-8x7B-Instruct-v0.1 --is_chat_model true --io_input_path extensions/2_retriever_surgery/results/mixtral8x7b/prompts_50.json --io_output_root extensions/2_retriever_surgery/results/mixtral8x7b/outputs/chunk256_k8_dense --raw_data_dir raw_data/private/wiki_newest --datastore_root datastore --output_dir extensions/2_retriever_surgery/results/mixtral8x7b/outputs/chunk256_k8_dense --max_retrieval_seq_length 256 --k_for_ric 8 --index_name dense --together_ckpt mistralai/Mixtral-8x7B-Instruct-v0.1 --dense_model sentence-transformers/all-mpnet-base-v2 --faiss_index_type Flat

==> Loading dense encoder: sentence-transformers/all-mpnet-base-v2
==> Loading existing dense index from datastore/RIC_LM+wiki_newest+Mixtral-8x7B-Instruct-v0.1+256+128
==> Loaded 19863 chunks and FAISS index with 19863 vectors
Processing query 0...
✓ Completed query 0
Processing query 1...
✓ Completed query 1
Processing query 2...
✓ Completed query 2
Processing query 3...
✓ Completed query 3
Processing query 4...
✓ Completed query 4
Processing query 5...
✓ Completed query 5
Processing query 6...
✓ Completed query 6
Processing query 7...
✓ Completed query 7
Processing query 8...
✓ Completed query 8
Processing query 9...
✓ Completed query 9
Processing query 10...
✓ Completed query 10
Processing query 11...
✓ Completed query 11
Processing query 12...
✓ Completed query 12
Processing query 13...
✓ Completed query 13
Processing query 14...
✓ Completed query 14
Processing query 15...
✓ Completed query 15
Processing query 16...
✓ Completed query 16
Processing query 17...
✓ Completed query 17
Processing query 18...
✓ Completed query 18
Processing query 19...
✓ Completed query 19
Processing query 20...
✓ Completed query 20
Processing query 21...
✓ Completed query 21
Processing query 22...
✓ Completed query 22
Processing query 23...
✓ Completed query 23
Processing query 24...
✓ Completed query 24
Processing query 25...
✓ Completed query 25
Processing query 26...
✓ Completed query 26
Processing query 27...
✓ Completed query 27
Processing query 28...
✓ Completed query 28
Processing query 29...
✓ Completed query 29
Processing query 30...
✓ Completed query 30
Processing query 31...
✓ Completed query 31
Processing query 32...
✓ Completed query 32
Processing query 33...
✓ Completed query 33
Processing query 34...
✓ Completed query 34
Processing query 35...
✓ Completed query 35
Processing query 36...
✓ Completed query 36
Processing query 37...
✓ Completed query 37
Processing query 38...
✓ Completed query 38
Processing query 39...
✓ Completed query 39
Processing query 40...
✓ Completed query 40
Processing query 41...
✓ Completed query 41
Processing query 42...
✓ Completed query 42
Processing query 43...
✓ Completed query 43
Processing query 44...
✓ Completed query 44
Processing query 45...
✓ Completed query 45
Processing query 46...
✓ Completed query 46
Processing query 47...
✓ Completed query 47
Processing query 48...
✓ Completed query 48
Processing query 49...
✓ Completed query 49

✓ Config completed successfully (50 outputs)

================================================================================
Running config: chunk256_k8_hybrid
  Chunk size: 256
  Top-k: 8
  Retriever: hybrid
================================================================================

Command: python main.py --task io --api together --hf_ckpt mistralai/Mixtral-8x7B-Instruct-v0.1 --is_chat_model true --io_input_path extensions/2_retriever_surgery/results/mixtral8x7b/prompts_50.json --io_output_root extensions/2_retriever_surgery/results/mixtral8x7b/outputs/chunk256_k8_hybrid --raw_data_dir raw_data/private/wiki_newest --datastore_root datastore --output_dir extensions/2_retriever_surgery/results/mixtral8x7b/outputs/chunk256_k8_hybrid --max_retrieval_seq_length 256 --k_for_ric 8 --index_name hybrid --together_ckpt mistralai/Mixtral-8x7B-Instruct-v0.1 --dense_model sentence-transformers/all-mpnet-base-v2 --faiss_index_type Flat --hybrid_alpha 0.5

==> Initializing hybrid index (BM25 + Dense)
==> Building BM25 component...
==> Datastore exists at:  datastore/RIC_LM+wiki_newest+Mixtral-8x7B-Instruct-v0.1+256+128/bm25
==> Building Dense component...
==> Loading dense encoder: sentence-transformers/all-mpnet-base-v2
==> Loading existing dense index from datastore/RIC_LM+wiki_newest+Mixtral-8x7B-Instruct-v0.1+256+128/dense
==> Loaded 19863 chunks and FAISS index with 19863 vectors
Processing query 0...
✓ Completed query 0
Processing query 1...
✓ Completed query 1
Processing query 2...
✓ Completed query 2
Processing query 3...
✓ Completed query 3
Processing query 4...
✓ Completed query 4
Processing query 5...
✓ Completed query 5
Processing query 6...
✓ Completed query 6
Processing query 7...
✓ Completed query 7
Processing query 8...
✓ Completed query 8
Processing query 9...
✓ Completed query 9
Processing query 10...
✓ Completed query 10
Processing query 11...
✓ Completed query 11
Processing query 12...
✓ Completed query 12
Processing query 13...
✓ Completed query 13
Processing query 14...
✓ Completed query 14
Processing query 15...
✓ Completed query 15
Processing query 16...
✓ Completed query 16
Processing query 17...
✓ Completed query 17
Processing query 18...
✓ Completed query 18
Processing query 19...
✓ Completed query 19
Processing query 20...
✓ Completed query 20
Processing query 21...
✓ Completed query 21
Processing query 22...
✓ Completed query 22
Processing query 23...
✓ Completed query 23
Processing query 24...
✓ Completed query 24
Processing query 25...
✓ Completed query 25
Processing query 26...
✓ Completed query 26
Processing query 27...
✓ Completed query 27
Processing query 28...
✓ Completed query 28
Processing query 29...
✓ Completed query 29
Processing query 30...
✓ Completed query 30
Processing query 31...
✓ Completed query 31
Processing query 32...
✓ Completed query 32
Processing query 33...
✓ Completed query 33
Processing query 34...
✓ Completed query 34
Processing query 35...
✓ Completed query 35
Processing query 36...
✓ Completed query 36
Processing query 37...
✓ Completed query 37
Processing query 38...
✓ Completed query 38
Processing query 39...
✓ Completed query 39
Processing query 40...
✓ Completed query 40
Processing query 41...
✓ Completed query 41
Processing query 42...
✓ Completed query 42
Processing query 43...
✓ Completed query 43
Processing query 44...
✓ Completed query 44
Processing query 45...
✓ Completed query 45
Processing query 46...
✓ Completed query 46
Processing query 47...
✓ Completed query 47
Processing query 48...
✓ Completed query 48
Processing query 49...
✓ Completed query 49

✓ Config completed successfully (50 outputs)

================================================================================
Summary saved to: extensions/2_retriever_surgery/results/mixtral8x7b/summary.json
================================================================================

================================================================================
Retriever sweep completed!
Total configs: 27
Successful: 27
Failed: 0

Next step: Run analyze_positions.py to compute metrics and generate plots
================================================================================

